titles,reviews
슈츠 시즌 1,"포스터를 너무 잘못 만들었다고 생각함.
-
하비: 계속 멋짐
마이크: 순진+귀여움 but 답답함 첨가됨
모든 캐릭터들이 누구와 조합하든 서로 잘 어울린다.
1화에서 마이크가 보여준 천재적인 능력은 회가 거듭될수록 사라지는 것 같다. 그냥 어리버리 순진한 신입이 되어버림.
-
트레버 같은 친구 갖고 싶지도 않고, 되고 싶지도 않다.브로맨스와 말맛이 느껴지는 드라마.취업사기 -희망편-비자격자의 위법행위를 재미로 설득시키는 솜씨.법정물을 가장한 브로맨스의 시작뉴욕은 거대한 욕망이면서, 동시에 모두를 성장시키는 야망의 공간이기도 하다드라마는 역시 전문성과 한번 꼬인 설정 그리고 매력적인 주인공전혀 다른 인생을 열어준 새 친구와의 인연.시즌4쯤... 비슷비슷한 에피로 포기"
원헌드레드 시즌 1,"옥타비아가 내 최애… 방대한 스케일의 sf 드라마는 언제나 환영이다…. 카리스마 있는 지도자의 모습은 어떻게 형성되는가를 볼 수 있는 드라마시간 가는 줄 모르고 봤다. 뭔가 전체적으로 정신이 없었고 거의 모든 주연들이 돌아가면서 답답한 행동을 하기는 했지만 그래도 몰입도도 뛰어났고 포스트 아포칼립스 소재를 나름 신선하게 풀어나갔다.

+개인적으로 시즌 1에서는 케인이 그나마 마음에 드는 인물이었다. 앞으로는 어떻게 변할지 모르지만.내용이 굉장히 흥미로웠고, 시즌 3?까지는 굉장히 재밌었다.
주인공들 간의 케미도 좋았고, 캐릭터성도 좋았다.
시즌마다 부여되는 긴장감있는 스토리들도 좋았다.
다만 시즌4부터인가? 억지스러움이 느껴지기 시작했고,
결국 6를 가면서 뇌절. 7이 마지막인데 아직 1화만 봤다.
시즌 7에서 끝낸 것이 참 다행이다. 더 끌고 가는 건 직무유기다.
그래도 시즌1~3까지 정도는 좋게 봤기 때문에 평을 하나만 남기기 위해서 일부로 4점을 주고 마무리한다. 그래도 재밌게 봤다. 여주가 만능캐이면서 또 때로는 어설프고, 성장하는 게 맘에 들었다.1화에 어설픈 촬영장과 CG로 기겁하지만 초반만 넘기면 흥미로운 소재들로 멈출수없는 드라마신선한 소재, 박진감 넘치는 구성, 다채로운 캐릭터 구성까지 뭐하나 빠지는게 없는 완벽한 시즌이었다.보면 볼수록 몰입도 짱몰입도 대박시즌이 갈 수록 재밌어집니다!!"
유포리아 시즌 1,"자극적이라고 매번 꼭 재미있는건 아닌것 같은가만히 숨을 죽이고 귀를 대면, 모두를 이해하게 되기에 무서운. 모르는사이 저 바닥까지 흘러들어가 그들의 삶을 호흡하게된다. '나'에 집중하는 틴에이져가 아니라 내가 사랑하는 이들과의 어그러지는 관계와 어쩔 수 없는 선택들을 하나하나 조명하기에 이해하게 될수록 서글펐고 분노했다.
+) 환각 그 자체인 정신나간 연출과 음악. 카니발 에피소드의 폭주를 시작으로 끝까지 쉴 새 없이 달린다, 미친듯이!우리는 이미 이때 부터 흔들리고 방황하고 있었구나.자극적인데 재밌다..시즌 2로 쉴틈없이 넘어가게 된다학교생활이니 ㅅㅅ니 뭐니 그런건 상관없고 자극적이어도 재미있으면 됬지 어쨋든 간 저는 젠데이아 언니 알러뷰합니다 자극적인 부분에 재미있었다기보단 루가 있어서 보는 것 같습니다So aesthetically pleasing yet so disturbing. The cinematography for the series is seriously out of this world and the editing and storytelling so magnetic… Truly excited for season 2.마라탕 6단계glittering, empty화려하고 자극적인 트렌드의 중심, 그리고 원흉강렬하고 자극적이며 감각적으로 표현된 드라마그 앞이 절벽임에도 멈추지 않는 이들의 황홀경.이게 진정 학교생활?! 미국 엄빠들 속 터지는 소리 여기까지 들린다나의 우울을 제 3자의 입장에서 바라보는 것 같달까.자극적이지만 그 실상은 비참하다.해외에서 큰 인기를 끔과 동시에 논란을 일으킨 작품. 선정적이고 폭력적인 장면이 잦다. 등장인물은 모두 줄타기라도 하는 양 위태로워 보인다. 그 불안정이 이들이 고등학생임을 믿을 수 있는 거의 유일한 증거이다. 이야기가 진행될수록 시청자도 진이 빠지지만 어느새 등장인물과 함께 그들을 구원할 실낱의 희망에 매달리고 있는 본인을 발견할 수 있다.몽환적인 이끌림반짝이로 덧칠된 음울한 하이틴 드라마... 자기 손으로 인생을 망칠 수 있는 다양한 방법을 소개한다. 1화의 대사와 연출이 매력적인데 그 뒤론 몸의 대화를 더 많이 보여줘서 당황함미국 청소년들의 불안한 심리와 갈등양상을 다양하게 보여주는 드라마. 유포리아에 등장하는 모든 요소가 소셜 미디어에서 엄청난 유행을 불러온 만큼 아이덴티티가 확실하고 여운이 김.밋밋한 초반, 캐릭터들의 이야기에 흥미가 생기는 중후반, 그리고 압도적인 8화.
8화는 전체적으로 연출이 굉장히 감각적이고 신선했고 매력적인 에피소드였다. 언젠가 이 에피소드만 다시 보고 싶어질 것 같다.요즘 미드의 표현 수위의 정점을 보여주는 드라마....
솔직히 정말 충, 공, 깽...

솔직히 공감가는 캐릭터도, 이해가 가는 캐릭터도 없지만...
정말 힙하고 핫해서 챙겨보는 드라마

어..나 꼰대맞아... ㅠㅠ

2022.06.08, wavve남자 캐릭터들 다 죽이고싶음 루와 줄스의 관계에서 루가 더 간절한게 보여서 맘 아픔10대의 이야기라고만 알고 있었는데, 드라마에서 애들의 나이가 17살이라고 등장할 때마다 놀랐다. 마약, 섹스, 불법 촬영, 폭행 등 온갖 무서운 일들이 일어나는 걸 보고 있자니 10대들이라는 걸 종종 까먹었기 때문이다. 정말 무시무시한 삶을 살고 있는 아이들이었다.

이런 와중에 드라마는 또 엄청 재미있었다. 자극적이라 재미있던 건 아니고 캐릭터마다 부여한 서사와 현재를 이어가는 흐름이 재미있고 흥미롭게 흘러서 끊지 않고 몰아서 봤다. 왜 그렇게 많이 거론되는지 알게 됐고, 이번 에미상 후보에 오른 것 또한 이해가 됐다. 음악과 감각적인 영상 또한 너무 좋았다.가장 어두운 면만 부각하면 멋있는 줄 아는 미국 중2병화장은 지우고 자라 애들아 제발봤던 하이틴 중에 가장 자극적인 하지만 연출과 노래 그리고 연기가 너무 완벽해서 계속 몰입해서 보게되었다.재밌터!!젠데이아의 강력하면서도 절제된 연기, 그 속에서 빛나는 것처럼 보이는 암흑의 정서들.맵기의 강도가 차원이 다른 미국 하이틴들. 좀 난삽하단 느낌을 지울 순 없지만, 캐릭터가 입체적이고 촬영 & 음악이 좋다.질서 뒤에 가려진 혼돈의 아름다움"
살색의 감독 무라니시 시즌 1,"일본판 울프 오브 월스트리트일본의 포르노 업계, 다시 말해 어덜트 비디오(AV), 곧 '야동'의 발전에 지대한 역할을 한
AV감독 '무라니시 토오루'를 주인공으로 한 넷플릭스 오리지널 일드입니다.

국내에서 합법은 아니지만 많은 남성의 허전함을 채워주고 있는 일본의 AV, 야동.
바로 그 야동의 발전사를 적나라하게 보여주는 '합법적인' 성인용 콘텐츠입니다.

처음 들어본 인물이라 좀 찾아봤는데
이런저런 사건으로 언론에 유명세를 치른 AV계의 살아있는 전설로 TMI를 넣자면 직접 카메라를 들고 여배우와 성교를 하는 이른바 '하메도리'를 처음으로 도입했다고 합니다.
요즘에야 한 손에 들어오는 카메라지 당시엔 거대한 카메라를 어깨에 짊어지고 했다니... 보통 인물이 아닌 건 확실하군요.

1980년대 배경으로 잡지부터 시작해 비디오테이프 영상의 시대까지
별 볼일 없는 세일즈맨에서 시작하는 '무라니시'의 일대기를 담고 있습니다.

비즈니스 드라마 형식을 띄고 있지만 소재가 소재이니 만큼 섹스와 폭력, 그리고 버블의 시대인 만큼 돈이 등장하는 굉장히 자극적인 이야기입니다.

어지간한 에로영화 이상의 수위를 보여주는 영상과 초창기 AV 산업의 비화를 재현함은 물론 무라니시의 파란만장한 인생도 충분히 흥미롭고 재밌습니다.
옛 신주쿠 카부키쵸가 배경인 만큼 [용과 같이] 게임을 즐겨 한 사람이라면 또 색다른 재미가 있고요.

주인공 무라니시역엔 '야마다 타카유키'.
시작은 꽃미남이었으나 갈수록 연기의 폭을 가늠하기 힘든 개인적으론 '일본의 디카프리오'라 여기는 배우입니다.
온몸을 불사르는 그 연기의 폭은 이번에도 감탄스러울 따름입니다.

그 외에도 우리에겐 [곡성]으로 익숙한 배우 '쿠니무라 준', 거장 코레에다 감독 작품에서 자주 볼 수 있는 '릴리 프랭키', 그뿐만 아니라 유명 배우들이 다수 출연했으며, 현역 AV 배우들 또한 다수 출연합니다.
화려한 캐스팅도 그렇고 80년대를 재현하는 것도 그렇고 과연 넷플릭스의 자본력...이라고 밖엔 생각나지 않군요.

일본에선 일대 성혁명이라 일컬어지는 '쿠로키 카오루'라는 인물을 통해
삶에서 결코 떼어놓을 수 없는 필수 요소지만 드러내기를 부끄러워하고 감춰야 하는 '성'에 대한 모순을 말 그대로 홀딱 벗겨버리는 메시지를 던지고 있습니다.
""아, 일본도 저런 시기가 있었구나!"" 싶기도 하고, ""아 우리는 아직도 이 모양이네..."" 싶기도 합니다.
성인이 성인 콘텐츠를 자유롭게 즐기지 못하는 현실을 보면 말이죠.

그리고 AV와 결코 떼어놓을 수 없는 뒷세계인 만큼 야쿠자와 권력의 유착 역시 흥미진진하게 다루고 있습니다.
야쿠자가 깊숙이 자리 잡은 일본 사회를 딱히 미화하지 않은 점은 칭찬할만합니다.

다만 '무라니시'란 인물에 대해서는 다소 미화가 심한 편입니다.
최근에야 AV 배우들이 국내에서도 활동하고 인식도 많이 개선되는 등 꽤 양지로 나왔지만, 여전히 배우들의 인권 문제가 논의되는 한편 하물며 80년대는 상상하기 어려울 정도로 낙후된 인식이 있던 때입니다.
찾아보면 무라니시란 인물이 배우를 대함에 있어서 그리고 '쿠로키 카오루'의 이후 행보를 미루어 볼 때 훌륭한 인간성과는 거리가 먼 사람이라는 것 정도는 쉽게 알 수 있습니다.
그저 야동의 발전에 지대한 공헌을 한 인물이란 점만 인지하면 될 것 같습니다.

공개되자마자 엄청난 인기로 곧바로 시즌 2 제작을 확정 지었는데...
과연 후속 시즌에선 무라니시의 몰락과 그 뒷모습을 얼마나 사실 되게 그릴지가 관건입니다.

이제는 참 쉽게 접할 수 있지만 과거 처음으로 성에 눈을 뜰 당시 성인물을 어렵사리 접했던 기억을 갖고 있는 분들이라면 꽤 인상적인 향수마저 느낄 수 있었던 일드였습니다.윤리관에 문제는 있어보였지만 여기까지는 그나마 볼만했다.내적으로도 외적으로도 윤리가 결여된 일본의 나르코스.볼만함.흡입력있는 연출, 감각적인 편집과 음악!하는 척이라는 악습을 철폐하고 실제 행위를 트렌드로 자리잡게 공헌하신 위대한 명감독님의 전기본능을 외치며 본질을 흐리는 못된 방식난 좋다. 과함이 때로는 시대를 앞서간다.소재의 신선함. 스타트업의 고뇌. 일본 버블 경제 시대를 보는 흥미로움. 거기에 연출과 연기 모두 좋았다!일본은 어떻게 성진국이 되었나...욕망이 부딪히는 에로업계의 선구자의 등장과 돌파욕망을 지저분하게 여기는 세상 속에서 그것을 온몸으로 뒤집어써버린다.회차가 거듭 될 수록 무라니시를 AV계의 구로사와, 배우를 존중하는 감독, 여자를 존중하는 드문 감독... 으로 미화시킨다. AV 산업에 그딴게 어딨나 내가 좋아서 AV 찍는 여자 배우가 있다고? 토나온다. 이걸 몇 시간이고 봤던 나도 멍청하다.일본에서만 또는 넷플릭스에서만 만들고 볼 수 있는집념과 파격이 어디까지 갈 것인가(3.5)몇년 전에 추천받은 시리즈. 그냥 AV만드는 사람 얘기일 줄 알았는데 생각보다 관전 포인트가 많다. 하지만 너무도 비현실적인 현실. 이런 일이 진짜 있었다는게, 심지어 그리 옛날 일도 아니라는게 충격적이다-소재는 신선하고 전개도 흥미로웠다. 그러나 전반적으로 작품성이 뛰어나다는 느낌은 받지 못했다. 인스턴트 라면같은 작품."
뉴 암스테르담 시즌 1,의료물 좋아한다면 중타 이상 보장.뉴 암스테르담 맥스 굿윈호 위태위태하지만 순항중.평소 의학 관련 드라마를 좋아하는데 주인공의 거침없는 행보와 마인드가 정말 마음에 들었음. 지금까지 본 의학 드라마 중 손에 꼽음!!아무리 신파 범벅이여도 그걸 이끌어가는 추진력이라면.웬만한 히어로 영화보다 벅차는 메디컬 드라마주인공이 줄곧 환자만을 위한 의료 행정을 고집하는 것에 그가 의사라는 것 말고는 특별한 동기는 없어보이지만 미국이라는 공간과 트럼프 집권기라는 시간적 배경이 그 모든 행위의 개연성이 된다.
쉐임리스 시즌 1,막장가족의 막장이야기 (계속 시즌이 진행될수록 더 막장이 되는 듯)스킨스 같은거 찾다가 발견더베어의 제레미 엘렌 화이트의 전작이라 골랐는데 선정적이고 극단적이나 미국빈민의 현실에 대한 수작. 시즌11까지 일관성있게 끌어오는 미드의 역량과 주연배우들에게 박수.어떤 가정에도 사랑은 깃드니까역작 중 하나입니다내가 오히려 쉐임되어 보기 어려운 미드...지지리 욕나오는 아빠지만 왜미워할수가없게되는지ㅠㅠ 마지막시즌까지 꿀잼보석같은미드에여존잼
트루 디텍티브 시즌 1,"최고의 듀오 최고의 오프닝 최고의 형사물. 광활한 늪지 위에 새겨진 악마의 기운. 원테이크 시퀀스는 최고의 명장면.언어가 존재한다고 그 지칭 대상이 반드시 존재하는 건 아니거든 가령 터널 끝엔 빛이 존재한다는 이야기같은첫화의 임팩트는 아직도 지워지지 않는다.떡밥만으로도 재밌게 보게 만드는 연출의 힘트루 디텍티브는 시즌1이 시작이자 끝이다. 염세적이고 음울한 분위기를 우디 해럴슨과 매튜 맥커너히가 연기력으로 잘 받쳐주지만, 늘어지는 연출과 편집까지 커버하기엔 힘이 부친다.뭔가 분위기도 있어보이고 연기도 괜찮고 잘 만든 거 같기도 한데, 이상하게 집중도 안되고 별로 재미도 없다.지극히 하찮고 모자란 존재인 우리지만 어둠 속에서 빛을 찾아나간다하드보일드 수사물의 정석가장 염세적이고 비종교적으로 상실의 슬픔을 어루만져주다.추리 형사물을 기대하고 보면 안됩니다돌고 돌아 결국은 하나의 이야기, 긴긴 시간 이어진 빛과 어둠의 대결. 끝끝내 기어코 빛은 어둠을 이긴다. “태초에는 어둠만이 있었는데 내 생각엔 빛이 이기고 있는 거예요.”잊혀진 시간 속, 근원을 파헤치려는 이들의 기록.수사극의 기본인 긴장감과 인물 간의 갈등이 속도감을 더디게 한다는 느낌없이 스토리의 깊이를 더해준다. 미국 남부의 여러 요소가 선명하게 연출되어 미국사회의 병폐를 잘 보여준다. 버디무비로서 보여지는 두 캐릭터의 설정은 치밀하고 끈끈하다. 수사가 진행되며 나타나는 인물들을 새로 추가하기보다 이전에 나왔던 인물들을 재등장시키면서 자연스럽데 복선을 설정하고 코 앞에 해답을 두고 헤메이는 형사의 저주를 큰 틀에서 보여준다.희미한 빛의 실마리, 끝에 있는 어둠. 이를 쫓는 파괴된 형사들.사건의 얼개를 풀며 인물의 파편을 수집할때의 그 감정.인간으로서 사는 것이 하나의 꿈에 불과하다지만, 우리의 마지막 윤리는 그럼에도 살아가는 것이다. 살고싶다는 꿈을 꾸었다.21.3.7 경거망동하지 않는, 부서진 형사들의 느리고 꾸준한 고군분투나는 잠을 자지않아.. 꿈을 꾸지.. 😂범죄 스릴러 장르로도 손색이 없지만 오컬트적인 요소까지 섞어서 문득문득 호러 장르의 느낌도 나는 특이하면서 완벽한 작품..한번에 쭉 이어서 영화 한편 보듯이 보면 더 재밌다.자연의 황량함이 주는 메마른 정서가 마침내 관객까지 집어삼키고야 만다.매튜맥커너헤이는 완전히 물이 올랐구나...
EMMY상 못받은 건 정말 안타까운 일이지만..
이제 예전의 매커너헤이는 상상도 못하겠다..
""제인에어""의 캐리 후쿠나가 감독의 스타일도 멋지고...
두 배우의 앙상블도 대단했던 듯...외적으로든 내적으로든 빛이 어둠을 이겨내길. 사건에 대해 우직하게 나아가는 연출은 좋은데 마음 줄 곳 없는 캐릭터들 때문에 중도하차 할 뻔 했다.개인적으로
판타지나 sf 공상과학물 혹은 열린결말 초자연현상 등등
범인의 정체가 괴물이라거나 애매모호한
이런거 싫어하시는 분들 이라면 끝까지 보는거 비추합니다.
범죄수사 추리물이라고 접근하면 조금 다른 방향으로 빠질수 있어요
저는 그런 스타일이라 끝이 별로였습니다
하지만 스토리나 영상미, 그리고 정말 배우들의 연기력이
너무 좋았습니다.매튜 맥커너히가 다한것 처럼 보인다최애 최고 네전드 드라마형사물의 끝판왕, 왕좌의게임미친 최고 수사 드라마.희미한 빛도 어둠을 밝히기에는 충분."
종이의 집 시즌 1,"뒤늦게 빠짐. 바로 다음화 누르지 않을 수 없는 끊고 빠지기 타이밍이 예술.. 이런거 한국 드라마가 많이 배워야 함. 한국 드라마로 옮겼을 때 어떻게 할건지 자꾸 상상하게 만살면서 누구나 상상했던 것을 작품으로 만들었다. 도덕적이진 않지만 이들은 시민의 편이다. 주인공이 많지만, 각자의 개성이 너무 뚜렷하여 전혀 난해하지 않고 오히려 궁금증을 유발한다계속 곱씹으면서 생각난 건데, 이 드라마는 원래 스페인 방송국에서 방영하다 시청률이 떨어져서, 결국 넷플릭스에 올리게 된 게 대박이 나 재빨리 판권을 사서 오리지널 작품이 된 경우다.

여기서 ‘방송국 출신’이란 말에 방점을 찍어 생각하면, 아무리 예술에 돈을 많이 쓰는 나라여도 결국은 방송국의 예산이 정해져 있을 것이고, 이런 제약 때문에 시청률을 올리기 위해 어떻게든 그 나라에서 적당히 통속적이고 잘 먹히는 자극을 최대한 많이 집어넣어야만 했을 것이다. 그래서 한국 정서엔 안 맞는 게 많다.

그럼에도 스페인을 넘어서 한국에게까지 통하는 한 방이 있는데, 그건 바로 게임적인 재미다. 기상천외한 해결법과 전개로 보는 사람의 예상을 번번히 뒤흔든 뒤, 결정적인 순간에 터뜨리는 재주가 기발하다.

(스포일러 리뷰는 링크를 확인할 것)스페인드라마에 대한 선입견을 깨준 드라마! 스페인드라마도 재밌다는 것을 알려주었다.그럼 당신은 넷플릭스 돈 날린겁니다.
무적권 보기입니다

아, 정말 할 일 없을 때 보기 시작하세요
짬나서 보기 시작한다면, 당신의 다음 일정은 없어집니다
절대 티비를 끌 수 없어요<종이의 집 시즌 1> 리뷰어휴 금사빠들 진짜도쿄 이름도 마음에 안드는데 하는 짓도 마음에 안 듦워낙 유명하다보니 볼려고 여러번 시도했지만 항상 2화를 넘기지 못함.. 그냥 제 취향이 아닌가봅니다시간 순삭불륜과 미혼모의 노래내가 이거 때문에 스페인어를 공부하고 싶어졌다. 공부하기 전에 스페인어로 욕이 뭔지는 이 드라마로 확실히 배운 듯.중간에 살짝 늘어지는 느낌때문에 완주 못할뻔 완주 못했음 큰일 날뻔했네초반부는 작정하고 재밌지!! 나 재밌지!! 선언하는 것 같아 내리 달렸는데 회를 거듭할 수록 시시콜콜한 감정에 휘둘리는 인물들 보고 있자니 답답 + 이해불가 = 개연성 부족.. (스페인은 정열의 나라가 맞나보다 금사빠들이 너무 많어) 회차를 줄이고 조금 더 깔끔하게 구성했다면 다음 시즌도 봤을 것 같은데 굳이 끌리지는 않으므로 나중에 볼 거 없음 보는 걸로,,정신을 못차리네.. 너네 강도질하는 중이야 이것들아시즌1만 보고 멈춤. 재미는 있지만 자꾸 아침드라마에 나올법한 사랑이야기가 점점 많아지면서 보기 싫어지게 만듬. 계획은 프로급이지만 그걸 실행하는자들이 아마추어들이니. . . 어휴. . 1회부터 3회까지가 진짜 초대박임. 그 이후로 사랑이야기가 나오면서 막장이 되버림. ㅋ기대했는데 인질극 중 감정팔이 사랑팔이가 많아서 잘 안봐졌다. 4화에서 하차 24.3.1가장 매력적인 강도들일단 매력과 계획력, 실행력으로 승부보는 교수와 친구들 하지만 교수의 사람고르는 안목은...이거 하나만으로 넷플 결재 하나도 안아까움처음에 스페인 언어가 생소했는데 보다보니 재밌어서 금방 익숙해짐. 교수의 머리가 비상하다. 나도 좀 껴주겠니? 코리아로~🇰🇷베를린에게 푹 빠져버렸다스페인은 아름다운 도시야..교수의 천재적인 계획은 감탄을 불러 일으킨다. 조폐국에서 강도짓인지 사랑싸움인지를 하고 있는 그들을 응원하게 되는 힘."
더 보이즈 시즌 1,"슈퍼히어로에 대한 완전 새로운 시각..재미는 있는데, 뭔가 개연성이 떨어지는 느낌을 많이 받음기존에 보았던 히어물과는 전혀 다른 맥락을 진행되는 드라마. 소재는 초현실적이지만 드라마 내용은 현실적이어서 좋았던 작품. 진짜 꼭 보라고 강추하는 작품고놈 참 얄밉게 연기 잘 하네무딘칼로 거칠게 장르 토막내기하우스 오브 카드 보다 더 정치적이다슈퍼히어로가 빌런인 기묘한 시작. 맵고 시고 달고 다 함
스타라이트 처음 본 순간부터 사랑에 빠졌다고! 흑화해도 인정인 서사에 ""f**king super hero""로 남아
<엄브렐라 아카데미>와는 또 다른 기분으로 묘함
240724
-
(에피소드 1)
1. 슈퍼 히어로가 실재하고 경찰과 같은 역할과 권한을 가지고 IP로 상품화까지 성공한 세계관
2. ""보우트 인터내셔널""의 ""세븐""에 소속된 슈퍼 히어로들. 관리자 ""매들린 스틸웰"". 원더우먼 ""퀸 메이브"", 슈퍼맨 ""홈랜더"", 퀵실버 ""A-트레인"", 아쿠아맨 ""7대양의 제왕"" ""케빈"" ""더 딥"", 강화 탄소 다이아몬드 피부로 투명인간에 독심술사 ""트랜스루센트"", 블랙 팬서 ""블랙 누아르""
3. 민간인 ""로빈 워드""을 실수로 죽인 A-트레인. 하지만 실수를 인정하지 않고 로빈 잘못이라고 뉴스에 발표. 로빈 남친 ""휴이 캠벨""에게 대충 보상금 45000달러 주고 입막음 시도. 타임스퀘어의 전자제품 판매점 ""브라이만 오디오 비디오""에서 일하는 휴이는 소송 고민
4. ""세븐""에서 은퇴한 ""램프라이터""의 자리에 지원하는 ""꼬마 미스 히어로"" 출신 ""스타라이트"". ""아이오와 디모인"" 출신. 괴력과 광속성 공격 ""애니 제뉴어리"". 오디션 합격
5. 휴이의 아빠 사이먼 페그!!
6. ""슈퍼 히어로는 경찰과 같아서 임무 중 사고로 고소할 수 없죠""
7. 학창시절부터 우상이었던 영웅 딥에게 입사하자마자 권력형 강간 당하는 스타라이트. 자신을 ""세븐""에 넣는 게 엄마의 꿈이었어서 참아야 함
8. ""빌리 부처, FBI"" 휴이에 접근. ""슈퍼히어로에 의해 사망한 이들을 위해"" 일한다면서 민간인 휴이한테 위험한 짓 시킴
9. ""대중은 슈퍼히어로가 주는 안정감을 좋아하지. 그래서 진실을 알고 싶지 않아해""
10. ""잃을 게 뭐 있겠냐. 이미 잃었는데""
11. 슈퍼히어로들이 변태처럼 놀 수 있는 비밀 클럽
12. 기독교 히어로로 유명한 고무인간 ""에제키엘""은 게이 난교 ㅋㅋ
13. 여자 화장실에 알몸으로 숨어있는 트랜스루센트
14. 비밀 클럽에서 로빈 죽인 일을 비웃는 A-트레인. 임무 중도 아니었고 사적인 일로 민간인 죽이고 다 묻음
15. ""보우트""는 각 지역에 영웅 팔아서도 돈 범
16. ""누비안 프린스, 당신네 도시의 시위자들 호감을 살 수 있고 백인들도 좋아하죠""
17. ""컴파운드 V. 세븐을 추락시킬 루머"" 그걸 알고있는 볼티모어 시의원과 가족을 죽여버리는 홈랜더. 독자적으로 한 일
18. ""내가했던 짓과 저 상황보다 싫은 건, 내가 내가 생각했던 것만큼 강하지 않아서에요"" ""당신은 그냥 넘어진거에요. 그게 당신의 원래 모습인 건 아니에요""
19. ""그게 쉽다고요? 다시 설명해주세요. 너무 복잡하잖아요"" 일반인 입장에서 갑자기 미션 잘하는거 잘 꼬았다 ㅋㅋㅋㅋㅋㅋㅋ
20. ""슈퍼히어로를 국방부에도 배치"" ""전쟁 민영화 우려"" 슈퍼 히어로를 갖고 장사하는 군수회사
21. 역시 빌리 부처는 FBI 아님 ㅋㅋㅋ 휴이 죽이러 온 트랜스루센트 전기로 지져 죽임
(에피소드 2)
22. 빌리는 해결사. 같이 일하던 애들 다 죽고 망함
23. 빌리 조력자 무기 전문가, 밀수업자 ""프렌치"". 빌리가 4만 달러 가져가고 안 갚음. 여친 ""체리""도 유능한 스파이 재질
24. 상품권 걸려있는 산업이 많아서 연예인 이상으로 다뤄지는 더 세븐. SNS 트렌딩 겨냥해서 필요 없어도 팀업. 기자, 카메라 미리 다 비치되어있는 쇼
25. 독자적이고 싶은 홈랜더. 그를 향한 취급은 ""신""
26. 우연히 만난 휴이의 말에 쉽게 물고기놈 따위 극복해버리는 스타라이트 >_<
27. ""CIA 부국장 수전 레이너"" 남편 앤드루. 빌리 전여친. ""그레이스 맬러리의 파일""을 찾으면 다 잘린다. 빌리와 슈퍼 히어로를 밟았던 파일
28. ""넌? 피와 고기로 이루어진 물풍선?"" 슈퍼 히어로가 보는 인간
29. ""미국은 무기로 돌아가요. 우리가 여전히 만드는 유일한 것이죠""
30. 신이라는 이미지를 잃지 않기위해 사생활도 욕구도 다 묻어두고 산 홈랜더
31. 정의로운 영웅 일을 했으나 회사와 상표 이미지를 해쳤다고 욕먹는 스타라이트
32. ""도플갱어"". 보우트 사 입맛에 맞게 권력자들을 움직이기 위해 이용되는 미스틱
33. A-트레인은 괴력 울버린 ""팝클로"" ""샬럿""과 연애. 그녀를 찾아갔다 돌아오는 길에 로빈을 죽였다는 트랜스루센트의 증언
34. 살아남은 트랜스루센트의 엉덩이에 넣은 폭탄을 직접 터트려 처치한 휴이 ㅋㅋㅋ
(에피소드 3)
35. 스타라이트를 팔기 위해 야한 의상으로 변경을 강요하는 보우트. 다른 애들의 의상도 야하게 팔아먹기 위해 만들어진 것
36. 교도소장 ""마더스 밀크"", ""MM"", ""마빈"". 빌리 조력자. 아내 ""모니크"" 딸 ""재닌"". 로맨틱. ""강박증""
37. 전 조력자들 하나하나 찾아가면서 팀업하는 게 주인공은 빌리네 ㅋㅋㅋ
38. 빌리의 슈퍼 히어로 잡기 동기는 ""베카""
39. 보우트의 중심 세력 ""82층""
40. ""그들은 평범한 사람들인데 우리는 그들의 명령을 따르잖아 왜?"" ""걔네가 돈 주잖아""
41. 과거에 사귀었던 퀸 메이브와 홈랜더. 오랜 친구라 구린 짓도 환상의 짝꿍
42. 컴파운드 V는 슈퍼 히어로 전용 도핑 마약. 로빈을 죽일 당시 A-트레인은 그걸 사용한 상태였음
43. 팝클로는 유행 지난 슈퍼 히어로. A-트레인은 이용만 하고 그녀를 묻어둠. 컴파운드 V 찾는 용도로만 사용. 일이 없어서 생활고에 시달리고 몸을 팔아 월세를 대는 가여운 처지
44. 또 다른 쿠기 실버 ""쇼크웨이브""
45. ""모든 일에는 대가가 따르지"" ""대가? 로빈이 죽은 순간부터 뭐든지 치를거에요"" 폭력과 살인에 맛 들인 휴이
46. 슈퍼히어로 우월주의에 빠진 홈랜더. 무조건 능력자와 연애하고 싶어
47. 인간적으로 애니를 응원하면서도 적진의 함정으로 번호를 딴 휴이.. 애니는 안그래도 믿을 사람 없는데
48. ""그들의 약점. 평판""
49. 수장시킨 트랜스루센트 시체 찾아온 딥
50. ""홈랜더가 유일하게 투시 못하는 소재, 아연""
(에피소드 4)
51. 컴파운트 V 공급처에 감금되어있던 아시아 소녀. 잔혹한 괴력. 감금했던 남자는 소녀가 다가오자 자살
52. ""전 구색 맞추려고 고용된거에요. 물고기랑 대화하는 게 뭐라고요""
53. 슈퍼히어로는 한통속이니 도청하고 이용하자는 부쳐. 갈등하지만 로빈 생각에 도청 심는 휴이
54. 트랜스루센트는 10살 짜리 아들도 있는 놈이 변태짓 하고 다녔음
55. 쉽게 자신의 자존감을 챙길 정도의 노력만 하는 홈랜더. 귀찮으면 걍 다 죽이는 쇼맨. 그걸 알고 막아보려하지만 힘이 넘사벽이라 막지 못하는 메이브. 눈물도 쉽게 이용하는 싸이코패스 홈랜더
56. 소녀를 입양해 팔아넘긴 아동 밀수업자, 네일아트 가게 주인 ""로버타 조"" 처단 당함
57. 밀수에는 에제키엘의 자선단체 ""사마리아인의 포옹""이 쓰는 소아마비 백신 화물이 쓰임
58. 어린 시절 아픔으로 소녀와 교감하는 프렌치. 어린 그를 엄마에게서 훔친 아빠는 호텔을 전전하며 프렌치를 감금하고 사랑한다며 학대함. 발목의 담배빵을 보니 성적인 학대를 했을 것으로 추정
59. 보수적인 기독교 사회에서 자란 애니는 자신의 우월함에 차였던 기억들 때문에 힘 없는 척 해. 휴이한테 호감 가짐
60. 더 보이즈는 맬러리의 명령대로 램프라이터를 추적했으나 프렌치가 놔줬고 램프라이터가 맬러리 손자들을 불태움. 그러고 흩어진 것
61. 돌고래 한 마리 조차 제대로 못 구하는 무능력한 딥
(에피소드 5)
62. 더보이즈 정보 알아내고 팝클로 죽여버리는 A-트레인. 헤로인 과다 복용으로 조작. 인성보소. 사랑한다미. ""행복해지기를 두려워하지 않""고 자신에게 사랑을 다 줬는데
63. ""우는 사람보다 싫은 건 지루한 연설이야""
64. 스타라이트는 이제 배타적 강경 예수쟁이들의 행사에 이용됨. 이성애 결혼, 혼전순결, 개종 선교를 강요하는 행사
65. 자신에게 집중하던 상사 매들린이 힘들게 낳은 테디를 질투하는 홈랜더. 싱글맘이라 아이 혼자 챙겨야하는데
66. 빌리의 아내 ""리베카""는 8년 전 실종. 언니 ""레이철""과 엄마는 정리를 위해 비석 세움
67. 성상품화 되어서 직접 야한 영화에 출연하다가 버려진 팝클로
68. A-트레인은 팝클로 침대를 찍는 몰카를 설치해뒀었음. 그 몰카로 집주인과 하는 장면, 프렌치 얼굴 파악
69. 이번엔 휴이에게 에제키엘의 게이 난교 사진으로 협박해오라는 부쳐. 투시로 눈치챈 홈랜더가 폰 먹통 만드는데 지가 원나잇 상대였다고 즉흥대응 ㅋㅋ 왜케 잘해 ㅋㅋ
70. 에제키엘의 화물에 가득 실린 V는 전국 병원의 신생아실로 보내져 초능력 아기들을 생성하는 데 쓰임
71. 메이브의 전여친 ""엘리나"". 홈랜더 때문에 헤어짐. 홈랜더와 달리 희생자들 생각에 알코올 중독이 다시 도지는 메이브
72. ""The show must go on. 난 이 순간을 위해 23년을 기다렸어"" 자신의 신념에 어긋나는 슈퍼히어로를 관두겠다는 애니에게 엄마란 사람이 ;;;; 이기적이야
73. 돌고래 건으로 나락가는 딥. 무능하고 멍청한 걸 알아본 매들린이 버리려했는지 언론 막아주지도 않음
74. ""이제 연기는 그만할래요. 그리고 더이상 참지도 않겠어요""
75. 용기내서 대본을 거부하고 자신의 연설을 한 애니. 동성애도 혼전관계도 인간다운 것일 뿐 잘못이 아니라고, 위선 떨고 천국 지옥 믿는 건 다 바보짓이라고. 우상과 이상이 되어야 할 자신도 두렵고 혼란스럽고 무섭다고. 자신을 강간한 놈이 있다고
76. 홈랜더는 매들린에 엄마나 애인에게 하 듯 집착. 매일 보고있던 자신의 액자는 그 벽 뒤에 있는 일하는 매들린을 투시한 것이었음. 홈랜더가 말을 듣지 않자 젖먹이듯 달래주는 매들린
77. 부쳐가 버린 소녀 풀어주는 프렌치, 블랙 느와르가 잡으러 오자 다이다이 떠주는 소녀. 장기 찢기지만 힐링팩터 있음
78. 소녀 테마송 g.o.d ""그대 날 떠난 후로"" ㅋㅋㅋ
79. ""기적. 넌 기적이야""
(에피소드 6)
80. 스타라이트에 대한 여론 뜨거움. 빛을 잃었다는 비난과 미투 흐름에 따른 응원. 메이브도 응원
81. 휴이 친구 ""앤서니""
82. 모든 슈퍼히어로는 V로 만들어진 신생아 출신. 공공의 기록이 하나도 없는 미지의 홈랜더를 제외하고는
83. 휴이가 스타라이트 도청 꺼버림 ㅋㅋ
84. 스타라이트의 연설로 ""애슐리"" 잘림
85. ""당신은 유명해져서 반짝이고 싶어서 슈퍼히어로가 된거에요. 그 어떤 것도 혼자서는 반짝일 수 없어요. 그러니 회사에 협조해요""
86. 스타라이트가 지향했던 히어로의 삶 퀸 메이브도 매들린의 각본이었단 걸 알고 실망. 애니 단단해서 좋다
87. 슈피히어로를 증오하는 슈퍼히어로 ""마인드 리더"" ""메스머"". 증권맨 내부거래 사기친 거 걸려서 보우트에서 잘리고 나락감. 이혼당하고 클리오의 양육권도 뺏김
88. ""당신은 항상 여성에 대한 단어로 욕을 하는데 그게 왜 욕인지 모르겠어요. 제 인생의 98%는 그들의 결정에 따른 거에요""
89. 슈퍼히어로들에 의한 피해자 모임이 있음. 구출되다 다친 경우, ""아이스 프린세스""랑 관계 가지다가 성기가 급냉되고 부러진 남자 등등. 그렇게 당하고도 그들을 용서하고 잊으려는 사람들에게 분노하는 부쳐. 리베카는 홈랜더에게 강간당하고 망연자실해서 공원에 3시간 앉아있다 사라짐
90. 스타라이트를 말로 못 구워삶자 딥에게 공개 사과하고 안식년 가지고 자숙하라는 매들린. 여러모로 쓸모없는 딥 빨리 손절
91. ""고의가 아니었습니다. 불쾌했다면 사과합니다. 합의하게 한 건 줄 알았습니다"" ㅉㅉㅉ
92. ""빌리 제인"", ""타라 리드""
93. ""틴에이지 킥스"" A-트레인, 팝클로, 메스머가 모두 그 쇼에 있었음
94. MM 인맥으로 클리오 매달 만나게 해주는 조건으로 메스머가 소녀의 마음 읽어주기로. 소녀는 신생아 초능력자 생성의 유일한 단서
95. 강하고 멋진 여성으로 이미지 메이킹 되어있던 퀸 메이브는 방송 담당자들에 의해 아웃팅 촬영됨
96. ""샤이닝 라이트 해방군 군인""이었던 소녀. 어릴 때 부모는 죽임당하고 오빠랑 납치되어 군인으로 길러진 ""기미코"". 이 잔혹한 짓의 배우도 보우트
97. 홈랜더 역시 아기때부터 실험실에서 담요 한장과 함께 갇혀 자람. 지금은 은퇴한 ""보겔바움 박사""가 기른 ""존"". 엄마 없이 자라서 실험체들은 모두 공격적으로 성장
98. 보우트와 홈랜더 잡기 팀으로 고용해달라고 CIA 찾아가는 부쳐. 무섭다고 거절당함
99. ""늘 하우스가 이기지"" 스타라이트의 고발은 그녀에게 피해자 프레이밍을 씌우고 보우트는 이때다하고 성폭력 피해자 히어로 영화 제작 발표
100. 메스머 집에 홈캠이 있었음. 보이즈 전원 신상을 홈랜더에 바침. 보우트 복귀 시켜달라고. 무시당함
101. 믿을 거 휴이밖에 없는 뉴욕 땅이라는 애니에게 자신이 가장 거대한 거짓말을 하고 있는 휴이 ㅠ
102. 초능력자에 마음 여는 휴이와 프렌치가 못 마땅한 부쳐
(에피소드 7)
103. ""보우트 신임 디지털 마케팅팀 상임이사 리베카"". 크리스마스 파티에서 홈랜더가 추근댐. 자신의 SNS를 관리하는 리베카에게 일 더 주겠다고
104. 결국 휴이와 밤까지 보내는 애니 ㅠㅠ 애니의 아빠는 어느날 갑자기 돈 다 들고 떠난 놈팽이. 뉴욕과 남자가 준 트라우마에 휴이로 막타 맞는 애니
105. ""no red flags"" 가여운 애니 ㅠ
106. 홈랜더는 부쳐가 누군지 알아봄
107. 시골 선더스키로 보내져 하루 75달러로 지내야하는 딥. 놀고 먹으면서 그 정도면 감사해야지
108. 신생아에게 초능력을 부여한 V는 마약처럼 능력 부스팅 효과로 초능력자를 유혹하고, 사용할수록 영구적으로는 능력이 약해지는 부작용이 있음. 나락간 팝클로도 그것 때문이고 A-트레인이 느려지는 이유도 그것
109. 홈랜더에 의해 보이즈와 휴이의 정체 알게됨. 그들이 트랜스루센트, 메스머, 에제키엘, 팝클로 등을 위협하고 죽였단 걸 알게됨. 휴이를 도운 공범으로 의심 받음
110. 타이밍 나쁘게 이 때 애니를 위해 보이즈 빠지겠다는 휴이. 아직도 스타라이트 의심하는 부쳐
111. 보이즈는 집, 은행 다 털림
112. 아빠 갖고 협박하는 A-트레인을, 그의 욕망 V로 돌파하는 휴이. 짜식 유능해
113. 배에 진짜 아가미가 달린 반 물고기 딥. 돌고래가 하고싶다고 한 게 어쩌면 진짜였어
114. 마트에서 랍스터 구하려다 즉사 시키는 딥. 진짜 멍청이. 원나잇하려고 부른 여자는 아가미 찔러서 아프게 하는 변태였고
115. 리베카 실종 후 홈랜더와 방에 들어가 3시간 후 옷이 흐트러진 채 나오는 리베카의 영상을 맬러리가 보여주고 복수를 돕기로 나섬. 그녀는 슈퍼히어로의 추악한 면을 추적하고 있었음
116. ""우리의 약점은 다른 사람들과 같아. 사람이지. 우리가 아끼는 사람들. 그래서 난 다 끊었어. 나와 그들을 위해. 그러면 정말 무적이 되거든"" 하지만 공허한 무적에 홀로 남아 술독에 빠진 메이브
117. 리베카는 홈랜더의 아이를 가졌었음. 보겔바움 박사에게 찾아갔고 실종. 아기는 뱃속에서부터 레이저를 쏘아대고 엄청나게 빨리 성장. 배를 찢고 나와서 리베카 즉사. 아이는 10초 살고 리베카 피에 익사. 하지만 이는 매들린의 거짓말
118. ""남자 아이였나요?"" 남성 싸이코 패스들은 왜 아들에 이렇게 집착하지
119. ""난 세계 최고의 슈퍼히어로에요"" ""넌 내 최대의 실패작이야""
120. 홈랜더 머리통 포기하고 CIA와 딜해서 보호받는 보이즈
121. ""Annie are you okay?"" 마이클 잭슨 노래냐
122. 무슬림 테러리스트가 초능력자를 가지고 있음. 이슬람이 V 복제
123. 애니 너무 착해. 착하게 자라서 그런가봐. 휴이에게 직접 설명할 기회도 주고 해명도 들어줌. V에 대한 진실도 들어줌. 근데 부쳐가 저격쏘고 같이 달아남; 휴이 망할 놈
(에피소드 8)
124. 국방부는 CIA에 V 파지말라고 막음. 보우트를 군대에 포함시킴. 오히려 보이즈가 트랜스루센트로 인해 수배자 됨. 손절 당함. 다시 맬러리에게로
125. 애니에게 시련이 너무 많아. 다음 시즌에서 흑화해도 인정이다. 평생 정의감 태우며 훈련하고 감추고 꿈꿨던 초능력도 엄마가 보우트에 자신을 팔아서 약을 주사받고 생긴 것. 그래놓고 평생 ""신이 주신 기회""라고 세뇌시키고 바르게 키움. 평생 미워하고 그리워한 아빠는 자신을 지키려고 보우트에 반대하다 떠난 것
126. 자신의 능력을 써서 돌고래 군대를 만들고 싶었던 딥. 아무도 안 들어줌
127. ""복수는 영광스러운 게 아니에요. It's a one way ticket to the dead end""
128. A-트레인은 기미코에 의해 바로 다리 뽀사지고 제일 빠른 사나이 타이틀 잃음
129. 인스타용 근육에 집착하던 딥은 자신이 해양 컨텐츠용 마스코트였을 뿐이며 쉽게 버려졌다는 걸 이제야 깨달음. 이쁘게 보이려고만 하던 걸 버리고 머리도 다 밀어버림
130. ""대체 내가 왜 당신을 도와야 하죠?"" ""당신이, 슈퍼히어로니까요"" ""내가 누군가를 구해본 게 언젠가 싶어요"" ""당신이 날 구했잖아요. 볼링 데이트로""
131. 대사 한 줄 없는 블랙 느와르 포스 ㅋㅋ 피아노도 수준급
132. 군대 넣은 일로 ""에드거""의 ""82층""으로 승진하는 매들린
133. 비슷한 아픔을 겪은 선배로 스타라이트를 걱정하는 메이브. 회사 각본 이상으로 열정 넘치게 일했던 23살 때 오른팔 뼈 다 부러져서 아직도 낫지 않음
134. 군대에 들어가기 위해 이슬람 테러리스트에게 V를 공급한 것은 홈랜드. 자신들의 영향력을 위해 A-트레인 시켜서 공급. V를 성인에게 주입하면 대체로 죽고 성공 확률이 낮아서 엄청난 죽음 뒤에 겨우 ""나킵(captain)"" 하나 성공한 것
135. 홈랜더의 오이디푸스 판타지를 자극해 구슬리는 매들린. 아무 전희없는 관계에서 ""엄마""라 부르며 금방 사정해버리는 홈랜더
136. 초청력으로 심박수도 잴 수 있는 홈랜더. 거짓말 탐지 가능. 매들린이 자신의 아이를 숨겼음을 알아냄
137. 작전하려는 부쳐 거절하고 혼자 애니 졸라서 MM, 프렌치 구하러 와서 혼자 붙잡힌 휴이 ㅋㅋㅋ
138. ""I'm sorry I'm sorry"" 엄호샷 쏘면서 휴이 ㅋㅋㅋㅋㅋ
139. 찐 히어로 스타라이트 합류 ㅠㅠ 첫인상부터 너무 좋았다구! 보이즈 구하러 옴. A-트레인이 추격하지만 V 과다사용으로 심장마비 와서 자멸
140. ""난 당신이 무서워요"" 사랑한다는 매들린의 마지막 거짓말까지 파헤치고 죽이는 홈랜드
141. 홈랜드에게 약점이 없음을 알고 자폭하지만 구출되는 부쳐. 그리고 리베카와 홈랜더의 아들이 살아있는 집으로 데려가짐소금으로만 간을 한 핫도그가 생각날 때가 많지만, 칠리소스와 머스터드로 범벅인 핫도그가 맛없는 건 아니다.신선하고 충격적이다. 히어로물을 살짝 비튼 것까지도 완전한 내 입맛.이상에 전형적인 전쟁 기업 더하기. 엔딩까지도 헛구역질날 정도로 역겨운게 이 드라마의 블랙코미디적 장점이랄까.비주얼적인 폭력성부터 스토리까지 짜릿하다.보다 더 현실적으로 보이는 슈퍼히어로으악 마이 아이즈!!!! 하면서도 이 더러운 놈들이 얼마나 더 더러운 짓을 하는지 보고 싶어서 눈을 감질 못하겠음좋아하는 식당이 질릴 때쯤 우연히 발견한 새로운 맛집히어로도 사람이지진짜 영웅이란 무엇인가 돌아보게 되었다.너무 재밌네요 소재 너무 잘가져왔어요 순식간에 눈빨개가며 정주행 완 료힘이 있으면 높은 확률로 부패한다. 그것이 역사가 증명하는 진리이다.?사실일지도 모르는 슈퍼히어로에 대한 더러운 농담.현실감 넘치는 히어로물 열 받을 정도로 잘 완성된 캐릭터들을 보는 맛이 있다그래 맞아, 슈퍼히어로도 사람인거지. 이런 놈 저런 놈 다 있는거지. 발상이 참 재미있는 드라마.히어로에 대해 다른 방면으로 생각해 볼수 있었던 영화였음안 볼 수 없는 설정왜 슈퍼히어로는 마블처럼 모두 착할거라 믿는가. 이것이 현실이다.기대에 비해 좀 많이 아쉬웠다 좀 더 미쳤어야 했는데붉은 눈이 시사하는 슈퍼 호러 히어로의 4번 타자.시민들이 불쌍하다히어로의 안티테제를 화끈하게 그리기"
동기의 사쿠라,
스토브리그,
체르노빌,"잠시 입원하게되어 킬링타임용으로 보고있는데. 이거 보는 동안 낫던 곳이 다시 아픈거 같음.방사능의 위험성을 너무 간과하여 생긴 무시무시한 재난인간의 실수와 악변화를 가감없이 보여준 완벽한 내용.믿고보는 HBO! 제작진의 사명감과 진심이 느껴져 인류가 저지른 이 최악의 대재앙을 상기하고 그 고통에 울며 봤다. 전인류에게 강추!이 작품에 대해 쓰기에는 담아야할 말이 너무 많아 주제별로 나누어도 다섯 편은 되었다. 그래서 일단은 간단한 평을 남긴 뒤 충분한 시간을 가지고 이 작품에 대해 말하고자 한다. 어떤 의미로든 반드시 봐야할 작품이다.드라마로서 너무 완벽하다는 것조차 가슴 아플 정도로 섬세하게 조형된 드라마. 드라마로 빚어낸 수작, 명작이 이런거구나 실감하는 만큼 이 이야기가 실화라는게 숨이 막힌다.진실은 파묻히고 적막과 거짓만이 맴돌았던 곳, 체르노빌.밴드 오브 브라더스와 더불어 최고의 미드하나의 재앙을 가장 입체적으로 다루는 방법. 모든 현상을 꼼꼼히 관찰한 후에 도달한 어떤 정점."
"미안하다, 사랑한다",
원헌드레드 시즌 5,"시즌 1부터 시즌 5까지도 여전히 모든 주연들이 번갈아가면서 어리석고 답답한 행동을 한다. 개인적으로 케인이 가장 이성적이고 합리적이고 인간적인 것 같아서 가장 마음에 든다. 몬티도 좋았는데... May we meet again꾸역꾸역 볼 수 있다 정도의 수준... 그러나 이미 산으로 출발했다.인물들이 오늘과 내일 추구하는게 계속 달라져서 이해하기 어려움. 그래서 가장 보기 힘들었던 시즌그래도 볼만했다. 블러드 레이나라는 캐릭터는 아주 충격젓인 인상을 줬고, 냉동인간이라는 설정도 뭐 봐줄만은 했다. 하지만 매디의 등장과 클라크의 매디무새화는 앞으로 큰 발암요소다.보면 볼수록 몰입도 짱지구가 Obsolete Planet이 된다면?"
빌리언스 시즌 1,"복잡한 건 빼고 자극적으로솔직히 재미있는데 눈 찌푸려지는 대사들 때문에 몹시 불쾌... 이 정도 스토리 수준이면 캐릭터의 천박함을 저런 대사 없이도 표현했을 것 같은데 역시 드라마는 드라마인가진짜 개미쳤음 단편적인 각본, 연기, 연출만 봐도 소름이 돋는데 모든게 연결되면서 수수께끼가 하나둘씩 풀리고 점점 큰 판으로 넘어가는 과정이 명작인걸 증명해줌 진짜 개재밌네사회 주류의 상호 갈등과 견제는 결국 공적인 이유보다 사적인 감정으로 행해진다는 것을 적나라하게 보여준다."
셜록 시즌 1,
회사를 관두는 최고의 순간,살아있는 여자 캐릭터의 묘사가 돋보인다지금은 유명해진 신인 여배우들의 조합. 엔딩 음악이 아직까지 흥얼거릴 정도로 좋다어렸을때 한번이상 고민했던 이야기들이라 공감가네요 그리고 배역 맡았던분들 그래도 대부분 뜨신듯ㅋㅋ응원보단 안타까움이 앞서는 이야기
스와트 시즌 1,매화마다 두 이야기를 섞는게 탁월하다. K-town 한국어 자막 좀..스펙터클 액션을 보는 재미가 쏠쏠하지만 스와트 팀 활약의 원인인 미국 사회의 총기 문제가 떠올라 뒷맛이 씁쓸하다.
블랙 미러 시즌 1,"드라마는 '당신의 모든 순간', 찝찝함은 '핫 샷', 불쾌감은 '공주와 돼지'.인생작, 더 이상 말이 필요없는 최고의 작품!!미래에 있을 법한 이야기들이라 신기하면서 재밌지만 다 보고나면 뭔가 암울한 느낌상상에서나 있을법한 기발한 이야기들을 현실감 있게 풀어냈다. 약간은 어릴때 보던 미드 환상특급이나 일드 기묘한 이야기 느낌인데 넷플릭스의 자본과 만나 엄청난게 나와 버렸다.[블랙미러] 꺼진 화면 속 닥쳐 올 미래 이야기

2011 ~ 2023년까지 13년동안 총28편 시즌6이 진행된 영국 드라마

제목인 블랙미러는 스마트폰이나 컴퓨터의 화면이 꺼졌을 때 나타나는
검은 화면을 의미하며, 현대 기술이 가져올 수 있는 어두운 면을 그린 단막극 이다.

박정민 배우의 추천으로 찾아봤는데, 신선한 상상력에 놀라
다음 얘기가 궁금하여 28편을 단숨에 끝까지 보았다.

그 중에 가장 인상 깊었던 2편을 갈무리 해본다.

시즌 1 (2011년 12월) 당신의 모든 순간(The Entire History of You)
- 기억 재생 장치로 믿고 싶지 않은 배우자의 밝혀진 불륜

시즌 4 (2017년 12월) 사냥개(Metalhead)
- AI 로봇개의 인간 추격전

어릴적 영화 007에서 보았던 신문물이 지금은 스마트라는 이름을 달고
일상에서 흔하고 유용하게 사용되는 기술이 있다.
희극보다 비극이 극적 재미가 있어 검은 미래를 그렸다고 생각하며,
기술은 밝은 부분이 더 많을 것이라 믿고 있고 기대해 본다.

화이트 미러로 탈바꿈된 세상을 꿈꾸며… ^^!!

평점 : 3.5점 (근접한 미래에 대한 검은 상상력)

#블랙미러 #총28편 #영국드라마 #기술발전이_가져온_검은_미래1편이 너무 강해서 2편 3편이 그닥으로 보인다4.5 4.0 3.5세 가지 각기 다른 무력감에 대하여What If에서 시작되는 근미래 사실적 고민의 블랙 코미디.처음 봤을 때의 충격이 잊어지지가 않는다. 블랙 미러 시즌1은 사회풍자 SF 장르의 명작임.2011년에 영국에서 첫 시즌이 방송된 <블랙 미러>는 가까운 미래를 배경으로 한 단편이다. 같은 시즌이지만 각 이야기에 연결성이 없어서 한 편씩 봐도 무방한 드라마였다.

인간에 대한 혐오를 들게 하는 '공주와 돼지'부터 시작해 자극적인 미디어만 찾는 이들에게 혐오를 느끼다 결국 동화될 수밖에 없었던 '핫 샷', 그리고 모든 것을 기억하는 게 마냥 좋은 것이 아니라는 사실을 일깨운 '당신의 모든 순간'까지 기발했다. 미래가 배경이지만 현실에도 대입할 수 있는 이야기를 하고 있었기에 재미는 물론이고 의미도 있었다.
모든 이야기의 엔딩이 쓴맛이 나는 점으로 인해 해피엔딩을 좋아하는 이들에겐 환영을 못 받겠지만, 개인적으로는 일관성 있는 분위기라 좋았다.블랙미러는 현실에 있을법한 첨단기술을 소재로 주로 회의적이거나 비극적인 이야기를 통해 불쾌하지만 생각해볼만한 화두를 던지는 시리즈이다.

1) 공주와 돼지
영어 제목은 The National Anthem 인데, 이는 직역하면 국가라는 뜻이다.
매스미디어 자체와 이를 받아드리는 수용자들에 대한 자조가 섞여있다.
총리의 비서로 보이는 이는 왜 이런 사건을 일으켰는지 알겠다고 하지만, 이 드라마를 다시 봐도 충격과 회의감은 여전하지만 여진히 그 이유를 모르겠다. 이 사건을 꾸민이는 예술가로 알려져, 사건을 일종의 행위 예술로 재조명 받는다. 이 부분은 예술에 대해서도 염세적인 뉘앙스를 풍긴다.
뚜렷한 메시지가 있다기 보다는, 모든 것에 염세적인 분위기를 느낄 수 있다.

2)핫샷
이 에피소드 역시 미디어 엔터테인먼트를 비판적으로 다루었다. 브리튼스 갓 텔런트에서 모티브를 얻은 것 같은 핫샷이라는 프로그램이 있는데, TV 프로들이 출연자들의 스토리를 소재로 캐릭터를 만들고 프로그램화 하고 상품화하는데 이런점들을 비판적으로 다룬 것 같았다. 하지만 다소 루즈한 시리즈였다.

3)당신의 모든 순간
인간은 망각을 해야 한다는 생각을 하게 되었다. 모든걸 기억하는게 얼마나 비극적인지 깨달을 수 있었다. 특히 부부나 남녀간에 모든걸 기억하는 것이 얼마나 잔혹한 비극이 될지 생각해보게 된다.이런 옴니버스식 너무 애정함[1화 공주와 돼지]
타인의 고통을 오락거리로 소비하는 대중에 대하여

[2화 핫샷]
발악해 봐야 시스템을 뒤집기는 힘들고
노동자가 성공해 봐야 성공한 노동자라는
냉소 섞인 허무주의

[3화 당신의 모든 순간]
인간이 망각의 동물이어야 하는 이유와.. 1화는 정말 충격이다 말로만 듣던 블랙미러, 좀 더 일찍 봤어야 했다.섬뜩하고 씁쓸한 일상.'만약...?'이 서사를 만났을때일상이 불쾌하게 느껴지기 시작한다. 대중문화, 미디어, 기술발전의 어두운 면을 다시금 상기시키는 역작.1화 돼지랑 관계갖는 총리 2화 자전거 타며 돈을 향해 데뷔 3화 모든걸 기억하는 기술이 좋은걸까 옴니버스 식의 작품 재밌네요기술 발전에 따른 장점보다는 단점을 잘 보여주는 시즌 같다.

1편에서는 인터넷에서는 세상과 완전히 다른세상으로 통제는 물론 왜곡, 접촉을 할 수 있는 건 기하급수적으로 늘어나기 때문이다. 거기서 사람들은 중립적인 시선이 아닌 그저 재미, 무비판적이고 여론을 따라가기에 급급하다. 그래서 우린 비판적인 시선을 가지고 중립적으로 살아가야 한다고 생각한다.

2편은 수 많은 사람들이 어떠한 플랫폼에서 자신의 삶을 영위하고 살아간다. 더 나아가 그러한 한정되고 정해진 곳에서도 성공을 갈망하고 노력한다. 하지만 노력과 재능으로 성공을 한들 그 플랫폼을 벗어나기는 커녕 성공하기 전의 자신의 모습처럼 자신을 지켜보는 사람들의 선구자가 되어 경외감을 받는다.
마치 이건 우리 삶에 만연해 있는 SNS가 아닐까 싶다. 오프라인이 아닌 온라인에서도 행복을 느끼게
되는 현대인의 모습에 나 자신의 모습을 되돌아보게되었다.

마지막에서는 기억에 관한 것이다.
우리 모두는 선험적으로 경험을 통해 그것에서의 배움과 교훈, 감정을 느끼며 살아간다.
그것에서 당연하게도 부끄러움, 수치심, 아픔 등 수 많은 감정들이 교차하고 느꼈을 것이다.
이러한 감정을 잊으면 안된다는 말이 아니다.
단지 자신의 과오나 다른 사람과의 트러블 전체를 다 기억하고 미시적으로 봐서는 안된다는 말이다.
그렇게 한다면 우린 과거의 기억에 대해 종속될 것이고 발전은 없다고 생각한다.
그렇기에 우리는 시선은 과거에 두되 발걸음은 미래로 나아가야 한다고 생각한다.1화를 처음에 보지 마세요 덜 충격적인 걸 먼저 보세요미친 아이디어와 그걸 잘 살리는 연출 능력시리즈 전체의 주제를 관통하는 1회의 충격이란.기술의 발전이 무조건 좋은 것만은 아니라는 걸 보여주는, 디스토피아를 그린 시리즈sf 옴니버스 전설의 시작"
슈츠,
펜15 시즌 1,
너의 모든 것 시즌 1,"'펜 바그들리'의 섬세한 사이코패스 표현력. 초반 서점 씬의 '벡'의 예쁨은 정말 최고였다..사랑이라는 이유로 모든 범죄를 합리화하려는 비겁함.최고의 심리 스릴러 드라마.넷플릭스 드라마 너의 모든 것 시즌 1 (2018)은 섬세하고 교묘한 심리극, 긴장감 넘치는 스토리, 그리고 놀라운 캐릭터들로 가득 찬 작품이다. 시즌 1은 범죄와 사랑, 집착이 얽힌 복잡한 관계를 중심으로 전개되며, 예측할 수 없는 반전과 심리적인 깊이로 시청자를 사로잡는다.

이 드라마의 가장 큰 장점은 주인공 조 훈의 캐릭터에 있다. 조 훈은 사랑과 집착 사이에서 경계를 넘나드는 인물로, 그가 펼치는 심리적 교묘함과 정신적인 복잡성은 매우 매력적이다. 이 캐릭터의 행동은 예상치 못한 방향으로 전개되며, 시청자를 끝없이 긴장하게 만든다. 그가 보여주는 감정의 진폭은 매우 사실적이고 강력하며, 정신적인 갈등을 깊이 있게 묘사한다.

또한, 이 드라마는 관객을 끊임없이 몰입하게 만드는 스토리라인으로 가득하다. 사랑의 끝자락에서 발생하는 위험한 행동들, 애증의 관계, 그리고 갈등은 그 자체로 매력적인 드라마를 만들어낸다. 주요 인물들의 갈등이 전개될수록 드라마의 긴장감은 점점 더 치밀해지며, 시청자는 그 결말이 어떻게 될지 끝까지 궁금해진다. 클라이맥스는 충격적이고 강렬한 순간들로 채워져 있으며, 그 충격은 시청자가 드라마를 잊을 수 없게 만든다.

연출 또한 이 드라마에서 매우 중요한 역할을 한다. 너의 모든 것 시즌 1은 세련된 카메라워크, 긴장감을 고조시키는 조명과 정교한 편집을 통해 드라마의 분위기를 세밀하게 살린다. 각 장면은 감각적이고 섬세하게 연출되며, 캐릭터들의 내면적인 감정을 강조하는 데 중요한 역할을 한다. 속도감 있는 전개와 긴장감을 더하는 촬영 기법은 시청자가 드라마 속으로 깊이 빠져들게 만든다.

음악 또한 드라마의 분위기를 한층 더 강화시킨다. 시즌 1은 감정선이 중요한 장면에서 음악이 강렬하게 맞물려, 심리적인 압박감을 효과적으로 전달한다. 음악은 드라마의 긴박한 순간들에 맞춰 감정적으로도 시청자를 자극하며, 그 자체로 몰입을 유도한다.

결론적으로, 너의 모든 것 시즌 1은 탁월한 캐릭터들, 긴장감 넘치는 스토리, 세련된 연출과 훌륭한 음악이 결합된 드라마로, 시청자를 끝없이 몰입하게 만든다. 주인공의 심리적인 깊이를 통해 드라마는 더욱 강력한 매력을 발산하며, 예상치 못한 반전과 감정의 변화가 매 순간마다 시청자의 관심을 사로잡는다. 이 드라마는 어두운 사랑과 집착을 그린 강렬한 심리극으로, 시청자에게 잊을 수 없는 감동과 충격을 선사한다.자극을 추구한다? 꼭 보아야한다 ㅇㅇ 약간 음침한+계락미 넘치는 남자를 좋아한다? 꼭 보아야한다 ㅇㅇ내가 너무 (갖)알고싶은 완벽한 당신
섬뜩한 스토커임을 알면서도, 이 수다쟁이를 서서히 응원하게 되어 내 자신이 무섭다
거의 모든 사람이 당해본 적 있을것이다. 상대의 친절한 매너에 자기 멋대로 러브스토리를 그려두고 ""너도 같은 마음 아니었냐"" 며 화내는 청춘의 섬뜩함을. 소름돋는 그 자만심과 나쁜 교육으로 성장한 조는 정말 뭐랄까 현실감+비현실감 제대로 섞인 사이코
숨막히게 재미있네 좀 오버하자면 <브레이킹 배드> 봤을 때처럼 매 장면이 찰지고 빨려들어간다. 조 역할 하신 분 연기가 정말 ㅋㅋ 미쳤네 ㅋㅋ 혼자 거의 다 채워넣음 정말 ㅋㅋ 대사 잘 하시네
230326
-
(에피소드 1)
1. ""사람은 실망할 수 밖에 없는 존재인가봐요"" ""가끔은 예상을 뛰어넘기도 하죠""
2. 아니 시리즈 시작 좋네 ㅋㅋㅋ 너무 유명해서 보긴 해야겠는데 괜히 보기싫었는데 요즘 유튜브 쇼츠에 너무 많아서 봐야겠다 ㅋㅋㅋ
3. ㅋㅋㅋ 아니 진짜 저렇게 작은 행동에서 의미를 다 상상하는데 그게 도끼병? ㅋㅋㅋㅋㅋㅋㅋㅋㅋㅋㅋㅋㅋㅋㅋㅋㅋㅋㅋㅋㅋㅋㅋㅋㅋㅋㅋㅋㅋㅋㅋㅋㅋㅋㅋㅋㅋㅋㅋㅋㅋㅋㅋㅋㅋㅋㅋ 아니 근데 그게 맞다고? 걍 스몰토크에 친절한거 아니냐? ㅋㅋㅋㅋ 만약 정말 다들 그렇게 생각한다면 나는 오해를 많이 사왔겠군
4. ""사람은 실망할 수밖에 없는 존재인가봐요"" 머리가 좋아서 사람들이 다 읽히는 조
5. 아니 근데 댄 브라운 왜 재미있잖아 왜 왜 ㅋㅋㅋ 보면 안되냐? ㅋㅋㅋ 비웃냐? ㅋㅋㅋ
6. 이웃과 모두에게 친절한 조 ㅋㅋ 사이코패스의 전형 ㅋㅋ 그러면서 음침하게 속으로 계속 생각해 ㅋㅋ INFJ 냐고 ㅋㅋㅋ 아 물론 스테레오 타입 인프제 ㅋㅋ
7. 이름이랑 얼굴만 알아도 SNS 털어서 집까지 알게 되네 ㅋㅋㅋㅋ 쩐다 ㅋㅋㅋㅋㅋ
8. ""이게 당신의 절친들이에요? 당신 참 외롭겠군요"" 어제 하필 <스마트폰을 떨어뜨렸을 뿐인데> 를 봐서 그런가 ㅋㅋ 비슷하게 느껴져 ㅋㅋ
9. 귀네비어 벡의 전남친은 벡이 데려간 파티 화장실에서 다른 여자랑 오럴섹스함 ㅋㅋㅋㅋ 근데 그걸 또 용서해주냐? ㅋㅋㅋㅋㅋ 어이없네 ㅋㅋㅋ
10. 아니 왜 1층이고 밖에서 다 보이는 창문들이 있는데 거기서 샤워하고 바로 다니고 성관계도 해? 자위행위도 하고 ㅋㅋㅋ 부끄러움이 없냐고 ㅋㅋㅋ 사생활을 스스로 포기하냐고 ㅋㅋㅋ
11. 스토커는 관찰력과 잉여력이 높네 그 어두운 밤에 잠시 봐놓고 남자 운동화 가격까지 알아
12. 아니 무슨 바람펴놓고 당당하게 와서는 업소여자 쓰듯 지만 좋은 관계 맺고 나가네 ㅋㅋㅋ 아니 저런 자존감 도둑이 있나 ㅋㅋㅋㅋ
13. ""가끔은 재미있어요 서로 죽이면서 대화도 하잖아요"" ""19세기잖아. 그 땐 낭만이 있었지"" ㅋㅋㅋ 그래서 벡을 죽이기 전에 하는 독백이야 지금? ㅋㅋㅋ
14. 사이코패스는 다 강박증이 있나? 조가 어릴 때 거둬준 책방 주인 무늬도 사이코패스였나보네. 그가 관리하던 책 관리 챔버를 지금은 조가 관리하네
15. 이웃집 소년 파코에게 <돈 키호테> 를 빌려주는데 여기서도 정신나간 노인이 기사도랍시고 창녀 알돈자를 절망하게 하는거잖아
16. 파코의 엄마는 론 이라는 남자와 매일 욕설로 싸우거나 다 들리게 성관계를 하고 아이는 밖에 피해있어. 근데 이 론은 보호감찰관 15년차임 ㅋㅋ 토나오네 범죄자 감시하는 그러니까 경찰 역할이면서 토나오게 아동학대 짓거리냐
17. 가스누출 신고 후 집주인이 문 열어주게 하고 남친인 척 집으로 들어오면 ㅋㅋ 매우 자연스럽게 가택침입 가능 ㅋㅋ 헐랭방구
18. 비싼 아파트와 부자 친구들과의 삶을 유지하기 위해 조교 자리가 필요하고 그래서 교수의 불륜 제안을 거절할 수 없는 귀네비어. 엄마한테 말하고 엉엉 우네. 와 엄마한테 그런걸 말할 수가 있구나
19. 벤지가 쓰레기인 걸 알고도 사귀는 이유는 아마 벤지가 금수저에 CEO 라 그렇겟지
20. ""당신은 마지막 진정한 로맨티스트에요"" 진짜 푹 빠졌네 ㅋㅋ
21. ""하루 18시간을 달리는데 왜 이렇게 버티기 힘들죠"" 빡세구나 진짜 ... 6시간 자는 거 빼고 늘 열심히 살잖아. 작가로서 예술을 충전하느라 쓰는 거도 여흥이라 보긴 어렵고 ㅠ
22. 조는 계속 자신에게 상처준 사랑을 말하는데 ㅋㅋㅋ 그 사람이 이후 시즌에 나오겠네
23. 예상대로 ㅋㅋㅋ 책 고치는 망치로 벤지 죽임 ㅋㅋㅋ
24. 자연스럽고 부담스럽지않게 작업거는거 잘하네 사이코패스 ㅋㅋㅋㅋㅋㅋㅋㅋㅋㅋㅋㅋㅋㅋㅋㅋㅋㅋㅋㅋㅋ
25. 변태같은 연기 핵 잘 살리네 배우님 ㅋㅋ
(에피소드 2)
26. 캔디스 스톤이 이전 피해자인가? 아니면 떠나간 전사랑?
27. 아 아직 첫 살인이 없었구나 ㅋㅋ 걍 좋아하는 여자 남친이 나쁘니까 잡아뒀구나 ㅋㅋㅋㅋ 뒷처리 생각은 못함 ㅋㅋㅋㅋ 근데 얘는 벡이 여친 아니라고 하고 ㅋㅋ 조의 이름까지 알아
28. ""옥에 갇힌 전형적인 특권계층 백인 남자를 어떻게 처리할지 알아내려면 그의 본색부터 이해해야 돼요"" ㅋㅋㅋㅋㅋㅋㅋㅋㅋㅋㅋㅋㅋㅋㅋㅋㅋㅋㅋㅋㅋㅋㅋㅋㅋㅋㅋㅋㅋㅋㅋㅋㅋㅋㅋㅋㅋ
29. 벤지는 마약 중독자에 바람둥이에 사기꾼 ㅋㅋ 핸드폰 비밀번호도 다른 여자 이름 ㅋㅋㅋ 사진첩엔 다른 여자랑 관계하는게 가득 ㅋㅋ 여자 문자가 한가득 ㅋㅋ
30. 노브라로 다녔더니 그걸 유혹으로 받아들였고 통하지 않자 조교직에서 잘라버린 교수. 잘리면 기숙사도 못 감
31. ""나한테 문제있는 놈들만 꼬이는 것 같아요"" 라고 나쁜 놈 3 에게 말하네 ㅋㅋ
32. 친구 피치 샐린저는 자꾸 벡에게 돈을 주려해. 파티에 벡을 불러놓고 벡이 데려간 조한테 의심 ㅋㅋ 피치의 집 (파티장소) 에는 조가 무니에게 학대당하며 얼마나 위대한지 배웠던 오즈의 마법사 전권 시리즈가 있음
33. 벡은 브라운대를 다니며 금수저들이랑 친구가 되었고 어떻게든 비벼보려하는구나
34. 캔디스는 조의 전여친 ㅋㅋ 그리고 갑자기 사라졌다고 친구 매디가 언급하는 걸 보니 죽였고 주변엔 로마에 있는 새 남친과 산다고 했구나 ㅋㅋㅋ
35. ㅋㅋㅋ 가둬둔 벤지는 밥이랑 약 안줬더니 ㅋㅋㅋ 짐승이 되서 그 감금된 책 보관소의 고서를 다 찢어버림 ㅋㅋㅋㅋㅋㅋㅋㅋㅋ
36. 조의 부추김에 벡은 교수의 위력에 의한 성범죄 피해자 6명을 더 찾아내고 증언 확보함 ""난 부적절한 짓 한 적 없어. 대놓고 거짓말쟁이가 되어봤자 자네 경력만 무너지겠지"" ㅉㅉ 전형적인 위압을 가하네 토나오는 거지같은 놈 거세해버려야해
37. 벤지는 대학교 기숙사 신고식에서 동성애 성범죄 학대 등 많은 것을 저질렀고 그 중 하나를 죽게 만듬. 그리고 그 영상을 친구들 협박 빌미로 ㅋㅋㅋㅋ 보관해뒀어 ㅋㅋ 조가 확보함 ㅋㅋ
38. ㅋㅋ 못죽인다 못죽인다 하더니 그것도 연기 ㅋㅋㅋ 벤지를 죽여버림 ㅋㅋ
(에피소드 3)
39. 이제 벡이랑 사귀네 ㅋㅋㅋ 벡이 캔디스에 대해 물어보자 ""It's too soon Beck"" 그러니까 죽이자 마자 다음 여자 찾은거야? ㅋㅋㅋㅋㅋㅋㅋㅋㅋㅋㅋㅋㅋㅋㅋㅋㅋㅋㅋㅋㅋㅋㅋㅋㅋ
40. 아니 캔디스는 안 죽였냐고 ㅋㅋㅋ 왜 책에서 배우는 척 해 ㅋㅋㅋ 시체도 처치 못하고 버티고 ㅋㅋㅋ
41. ㅋㅋㅋ 벡에게 원나잇할 남자가 참 많네 ㅋㅋ 그걸 보면서도 자신이 짝이 되고싶어하냐 조 ㅋㅋㅋ
42. 피치는 벡 좋아하나?
43. 무니도 조가 죽였나 ㅋㅋ 그의 차도 탄다니 ㅋㅋ 뷰익이면 아끼는거잖아 ㅋㅋ
44. ""I guess I get that wrong"" 아니 그걸 이제 알았냐고 ㅋㅋㅋ 뭐 다 섹슈얼 텐스로 읽어 ㅋㅋ
45. 벡의 아빠는 중독자였지만 깨어있을 땐 팬케이크도 구워주고 좋았어. 그러니까 학대가정의 문제가 ㅠㅠㅠ 희망의 순간이 있다는거야 ㅠ 그것 때문에 참는거지
46. ""당신에게 헷갈리는 신호를 줬다면 미안해요. 아마도 그건 나 조차 나 자신을 몰라서일거에요. 오그라드는 건 알지만 밀레니얼 세대가 이런걸 어떻게 해요""
47. 자신이 재능이 없고 평범하다 생각해서 차마 글을 완성하지 못하는 벡
48. 벡은 알아챔 자신에게 주루룩 맞춰주기만 하는 조가 의심스럽다고. 근데 그걸 또 로맨틱하게 받네
49. 벡은 자발적으로 데이팅 앱 계정을 지움. 그리고 피치는 조가 책을 훔쳐갔다고 의심
50. ㅋㅋㅋ 아니 조 ㅋㅋㅋ 연애 사기치는 사이코패스 치곤 ㅋㅋㅋ 성관계 스킬이 영 별로구나 ㅋㅋ 삽입 시작하자마자 끝남 ㅋㅋ 8초
(에피소드 4)
51. 벡에게는 캡틴이라는 스폰서가 있네 ㅋㅋㅋ 벡의 이전 핸드폰을 훔친 조는 이 모든 사실을 알아 ㅋㅋ 8초만에 관계를 끝내고 바로 스폰서랑 약속잡음 ㅋㅋ 그거 바로 들킴 ㅋㅋ 이제 조는 캡틴 죽이겠네 ㅋㅋ
52. 아니 ㅋㅋ 조는 벤지랑 하면서 만족 못하고 끝나는 벡을 안타까워해놓고 지는 8초밖에 못함 ㅋㅋ
53. 벡은 조의 성기가 핫도그 소시지 사이즈라고 친구들에게 말하지만 그래도 가치있는 남자라고 해서 조의 분노를 피함 ㄷㄷㄷ 무섭네 핸드폰 저렇게 실시간으로 보는거
54. 벡의 캡틴은 아빠. 찰스 디킨스의 광팬이고 코스튬 플레이 파티 광팬 ㄷㄷㄷㄷ 다른 가족들은 다 손절함. 아빠는 죽은게 아니라 이혼한거였고 중독자 모임에서 만난 낸시랑 재혼. 아빠는 새엄마를 임신시켰고 더이상 재정적 지원을 못하겠다고 선언
55. 피치는 조의 정체를 추적 왜지? 조를 좋아하나? 벡을 좋아하냐?
56. 벡은 아빠를 죽은 셈 치고 모두에게 죽었다고 말함. 그래서 Captain 이 거짓말이었던거야. 계속 무시해왔는데 브라운대 합격한거 알고 돈 대준다고 찾아오니까 억지로 몰래 어울려왔던 것
57. 조의 부추김에 아빠와 대면하고 그 영감으로 쓴 글은 자신이 존경하는 급우 블라이스의 극찬을 받음
58. 와 ㅋㅋ 훔친 속옷들이랑 일기장 핸드폰 널려있는데 ㅋㅋ 집에 갑자기 온 벡 ㅋㅋ 근데 그걸 전희 중에 다 숨김 ㅋㅋㅋ
59. 두번째 성관계는 만족스럽게 해냈네 조. 피치는 계속 벡과 조를 탐탁찮아 함 이유가 뭘까
(에피소드 5)
60. ""우리 아침 루틴의 가장 나쁜점? 끝이난다는 거죠"" ㅋㅋㅋ 아니 아침에 눈뜨고 관계를 두번하고 밥먹고 씻고 그러고 출근하는게 아쉽데 ㅋㅋㅋ
61. ""장담하건데 벡 주변의 페미니스트는 나 뿐인 것 같다니까요"" 다들 싸구려 로맨스 가십쇼를 봐 ㅋㅋ
62. 벡의 부자 친구들. 린은 시크한 동양인 부자. 아니카은 가벼운 바보 컨셉인데 피치 라이벌. 피치는 가장 나쁜 것 ㅋㅋㅋ 친구한테 공개적으로 살 공격하네 ㅋ
63. 피치가 벡에게 잘해준 이유는 ㅋㅋ 그렇게 파고들어서 약점을 잡기 위해 ㅋㅋ 죽지 않은 아빠에 대해 알아내려고 한거구나 ㅋㅋ 여차하면 풀어버릴려고 ㅋㅋㅋ
64. ""그건 응원이 아니죠. 나다운 것도 아니고요"" 상대 여자에 따라 캐릭터를 새로 만드는 조
65. 론에게 학대당하는 파코에게 잘해주는 이유는 자신이 무니에게 당했던 게 생각나서 ㅠ 애기는 바로 죽이고 법적으로 자신이 어케되나 읽고있는데 알아채고 조는 <몬테크리스토 백작> 을 줌. 복수에 대한 책이라고
66. ㅋㅋㅋㅋㅋㅋㅋㅋㅋㅋㅋㅋ 피치 노트북 비밀번호는 벡의 애칭 ㅋㅋㅋㅋㅋㅋㅋㅋㅋㅋㅋㅋㅋㅋㅋㅋㅋㅋㅋㅋㅋㅋㅋㅋㅋㅋㅋㅋ 스토커 조는 피치의 노트북을 보고 알아냄 ㅋㅋㅋ 피치도 벡의 스토커라는 것을 ㅋㅋㅋ
67. 엄격한 부잣집에서 자란 피치는 자신의 동성애 성향을 숨겨야했고 몰래 사랑에 빠진 벡을 계속 옆에서 친구랍시고 델고다님. 그러니까 안어울리는 부자 무리에 계속 끼게 한거지. 근데 이제 조의 부추김에 벡은 피치 손절하고 그 충격에서 약물과용 자살 기도하고 전화한 피치 ㅋㅋ 강수를 뒀네. 이런 적이 한두번이 아냐. 그래서 자고가라고 하고. 조는 둘을 한 침대에 둬놓고 돌아가서는 밤새 잠을 못자네
68. ㅋㅋㅋㅋㅋㅋㅋㅋㅋ 그녀와의 잠자리를 보고 빡쳐서 바로 피치 린치 ㅋㅋ
69. 파코는 론을 수면제로 독살하려했으나 놀래있고 조가 그를 살려내고 맞음
(에피소드 6)
70. ""Would you love me? In prison?"" ㅠㅠ
71. 조는 죽지 않았지만 지 스토커가 린치했다고 생각
72. 피치는 벡을 데리고 파리로 도피할 계획 ㅋㅋ 조가 알아챔 ㅋㅋㅋ 죽겄네
73. ㅋㅋㅋ 혹시 벡은 이미 조가 쎄한걸 알고 피치의 도움으로 범인잡기 하는건가 ㅋㅋㅋ
74. 피치는 그리니치 별장 (아니 얘네 뉴욕살고 그리니치는 캘리포니아에 있는거 아니냐? 여러군데 있나? ㅋㅋ) 에 벡을 데려가려하고 부자동네에 맞게 벡은 벤지의 옷과 소지품을 입고 가려함 ㅋㅋ 아니 ㅋㅋㅋ 들키잖아 ㅋㅋ
75. 조는 피치를 처치하려다가 캔디스한테 잡혀 엉뚱한데 차로 쳐박혀있음 ㅋㅋㅋㅋㅋ
76. 계속 캔디스의 환영을 보는데 ㅋㅋ 아니 캔디스가 스토커였나? ㅋㅋㅋㅋㅋㅋㅋㅋㅋㅋㅋㅋㅋㅋㅋㅋㅋㅋㅋ 환영을 볼 때마다 쓰러짐
77. 조는 벡에게 피치가 너를 사랑한다고 했고 이후로 벡도 좀 이상한 걸 느껴 ㅋㅋㅋ 자꾸 스킨쉽이나 제안을 피함 ㅋㅋ
78. ㅋㅋㅋㅋㅋㅋㅋㅋㅋ 스토커 피치를 지켜보는 스토커 조 ㅋㅋㅋㅋㅋㅋㅋㅋㅋㅋㅋㅋㅋㅋㅋㅋㅋㅋㅋㅋㅋㅋㅋㅋㅋ 그거에 흥분되는지 화장실 가고싶다고 하네 ㅋㅋㅋ 벡은 뭔가 이상해서 피치가 주는 음식을 계속 안먹음
79. ""그녀에게 총이 있어요. 위험하다니까요. 80%의 총기사고는 집에서 일어나요. 내가 뭐라도 해야겠어요""
80. <그녀에게> 영화 생각나네 으으 역겨운데 또 응원하게 되는 이 역겨운 마음
81. 참나 라지는 의대 졸업한 마약전문가. 피치가 그를 불러 긴장 풀고 약에 취하게 만들었네. 쓰리섬이라도 하려고 유도하는데 벡은 키스하는 피치를 물리치고 남자친구 있다고 함 ㅋㅋㅋ 그걸 침대 밑에서 다 보고있네 조 ㅋㅋ
82. 벡이 참여하지않겠다고 하자 침대에는 라지랑 피치만 남고 ㅋㅋ 영 맘에 안든 피치는 ㅋㅋ 라지한테 딜도 써버림 ㅋㅋㅋㅋㅋㅋㅋㅋㅋㅋㅋㅋㅋㅋㅋㅋㅋㅋㅋㅋㅋㅋㅋㅋㅋㅋㅋㅋㅋㅋㅋㅋㅋㅋㅋㅋㅋㅋㅋㅋㅋㅋㅋㅋㅋㅋㅋㅋㅋㅋㅋㅋㅋㅋㅋㅋㅋㅋㅋ 근데 좋아함 라지 ㅋㅋ 그걸 듣고있는 ㅋㅋㅋㅋㅋㅋㅋㅋㅋㅋㅋㅋ 조 ㅋㅋㅋ
83. 벡이 피치의 마음 알아채고 다정하게 끊어내니까 방어신경에 아니라고 니가 키스한거라고 하는 피치.. ㅠㅠㅠ 얘도 이제 범죄 저지르겠네
84. 뇌진탕으로 계속 캔디스의 환상을 보는 와중에 피치한테 걸린 조 ㅋㅋㅋㅋㅋㅋ 그리고 벤지의 시계를 차고있는 것도 알아챔 ㅋㅋ 조도 다 밝히고 ㅋㅋ 노트북에 있는 사진으로 협박
85. 조는 ㅋㅋ 피치를 권총으로 죽이고 노트북에 유서 씀 ㅋㅋ 하필 마약과 라지에게 쓴 딜도가 있어서 현장 보존 되있음 ㅋㅋ 근데 문제는 거기에 ㅋㅋ 숨어있던 조가 싼 오줌도 있음 ㅋㅋㅋ
(에피소드 7)
86. 여태까지의 이야기는 벡과의 권태기 상담하러 간 심리상담소에서 ㅋㅋ 근데 상담소에서 녹음해도 되나? 상담사는 녹내장 때문이라며 대마초 피우면서 상담 들어 ㅋㅋㅋ
87. ㅋㅋㅋㅋ 참나 ㅋㅋ 이 상담사가 ㅋㅋㅋ 벡이랑 바람피는 걸로 추정되는 심리상담사야 ㅋㅋㅋ 피치가 자살한 이후 1년 전 상담받던 그에게 다시 갔다고 벡이 ㅋㅋㅋ 조는 자신을 폴이라고 속이고 바텐더 로날도랑 사귀고있다고 거짓말하고 상담받는 중
88. 조는 시들해진 관계 속에 잘해보려고 생일 파티를 열어주지만 피치없이 파티하기 싫었던 벡의 마음에 안들었고, 벡에게 자꾸 오는 문자도 거슬렸고, 뭔가 소소하게 자꾸 틀어짐. 그래서 다시 벡의 핸드폰을 훔쳐봤고 미행하다 걸림. 신뢰가 끊어졌다고 .. 그래서 차였음
89. 핵무섭네 ㅋㅋ 상담사와 바람피는 건 아니었음. 벡은 항상 자신의 페르소나 아래 진심이 들킬까 두려워하고 있어. 아빠가 죽었다고 거짓말 쳤고, 나쁜남자 전남친 벤지는 사라졌고, 피치는 자살했으니까. 그걸 스스로 좀 해결할 시간이 필요한데 항상 조가 빈자리를 채워버리니까 해결할 수 없다고 그래서 조한테 멀어지고 싶은데 미행까지 하는 걸 발견했다고. 그런 상담을 하는거였어. 상담 내용을 듣고 공감한 조는 벡을 놓아주기로 다짐하고 훔친 핸드폰도 깨부심
90. 참나 ㅋㅋ 벡이랑 헤어지자마자 옆집 파코의 엄마 클라우디아를 지키러 나와줬던 캐런 민티랑 성관계함 ㅋㅋ 참나 ㅋㅋ 무슨 고귀한 사랑이라도 하는 듯 해놓고 바로 다른 여자랑 자네. 바로 사귐
(에피소드 8)
91. 캐런은 님포야 ㅋㅋㅋㅋ 그래도 조랑 잘 맞는지 또 거의 동거함
92. 벡은 혼자가 되고서야 작가로서의 커리어도 잘 되고 여러모로 잘 풀리네
93. 벡이 동경하는 블라이스는 절친이 되서 생파에도 왔었음 ㅋㅋ 그녀는 책방 점원 모쏠? 이언과 사귀고 동거까지 ㅋㅋ 벡이 계속 글을 쓰도록 몰아세우는데 피치 넘버 2 냐고 ㅋㅋ 벡은 왜케 이용당하냐 자꾸
94. ""어디갔어요? 망할 당신이 없으면 내가 어떻게 잘 지내요"" 상담사는 캐런(브래드)이 너의 진짜 짝이라며 잘해보라고 하지만 조의 마음엔 오로지 벡 ㅋㅋ 캐런은 그냥 몸빵임 ㅋㅋ 외로움 몸빵 ㅋㅋ 캐런은 처치할 주변인도 없음 그래서 지루한게 고민. 그 와중에 블라이스 때문에 벡이 SNS 지우자 ㅋㅋㅋㅋㅋㅋ 조 당황
95. 이젠 벡이 조의 현여친 캐런의 SNS 를 찾아보고 ㅋㅋ 동네로 찾아옴 ㅋㅋ 서로 계속 그리워해 ㅋㅋㅋㅋㅋㅋㅋ 걍 다시 사귀어라 ㅋㅋ
96. 파코 엄마 클라우디아는 마약 중독자 .. 캐런은 간호사라 이전에 총맞은 조를 도와주기도 했고 클라우디아 디톡스도 시킴
97. 벡은 이래저래 본인이 알게모르게 손이 많이가는 사람이었는데 캐런은 손이 안가는 독립적인 사람 ㅋㅋ 그래서 오히려 지루해하네
98. 결국 조는 벡이랑 바람핌 아니 ㅋㅋㅋ 뉴저지에서 뉴욕가는 저 페리 ㅋㅋㅋ 얼마나 짧은데 10분도 안될텐데 ㅋㅋ 거기서 했냐 ㅋㅋㅋㅋㅋㅋㅋㅋㅋㅋㅋㅋㅋㅋㅋ 거기서 ㅋㅋㅋㅋㅋ 했어 야외석에서 ㅋㅋㅋㅋㅋㅋㅋ
99. 둘다 상담사 니키한테 서로에 대해 상담해놓고 둘이 바람피기 시작하면서 상담 취소함 ㅋㅋㅋㅋㅋㅋㅋㅋㅋㅋㅋㅋㅋㅋㅋㅋㅋㅋㅋㅋㅋㅋㅋㅋㅋㅋㅋㅋㅋㅋㅋㅋㅋㅋㅋㅋㅋㅋㅋㅋ 문제 해결되었다면서 ㅋㅋㅋ 거짓말치고 밤낮으로 해대네 ㅋㅋㅋㅋ
100. ""당신을 밀어내지 말걸 그랬어요. 당신이 필요하단 게 무서워서 그랬나봐요. 난 당신에게 좋은 사람이 아니에요. 캐런이 그런 사람이죠"" 벡은 정신차림
101. 근데 조가 차버리자마자 캐런은 이미 다 알았다는 듯 짐싸서 나감. 화 한 번 안내고 ㅠㅠ 여튼 바로 벡이랑 사귀네 ㅋㅋㅋ
102. 캐런을 차버리자 캐런은 직장을 바꾸고 떠나버렸고 외로워진 클라우디아는 다시 론을 불러들임. 그래서 파코는 조에게 화남
103. 캐런은 벡을 찾아와 캔디스를 언급하며 고맙다고, 빨리 똥차 벗어나게 해줬다고 ㅋㅋㅋ 재회하자마자 바로 의심에 불행해지는 벡
(에피소드 9)
104. 마음 편한 상태의 조는 캔디스에 대한 꿈을 꾸고 잠꼬대를 하네 ㅋㅋ
105. 밴드 멤버 캔디스는 음반사 일라이자 쏜튼과 바람피웠어. 그걸 아예 조가 목격함. 따지러갔는데 캔디스가 추근대고 몸을 줬다고 싱글인 줄 알았다고 사과함. 좋아하는 여친이 걸레라는 말에 화난 조는 일라이자를 홧김에 옥상에서 밀어 죽여버림 ㅋㅋㅋ
106. 캔디스의 쌍둥이 오빠 지미는 정신병원에 있다가 6개월 전에 사망 ㅋㅋ 벡이 추적할 수 있는 근거가 없어 ㅋㅋㅋ
107. 조는 캔디스가 이름 바꾸고 이탈리아에서 살고있는 SNS 계정을 알고 있었네 ㅋㅋ 그걸 벡에게 보여줌
108. 일라이자를 죽이고 당황해서 무니를 찾아갔고 그는 죽이는 일은 아무것도 아니라며 증거를 없애라고 니가 죽였으면 죽을만했겠다 라고 함 ㄷㄷㄷㄷ 근데 지금은 거동이 불편한 상태
109. 참나 벡은 상담사 니키랑 바람을 피운게 맞았어 ㅋㅋ 벡은 벗은 사진을 가득 보냈고 침대에서 찍은 사진이 가득하네 ㅋㅋ 여자문제로 통화했던 것도 아내한테 벡이 들켜서 였나보네
110. ""네 바람피웠어요. 하지만 난 당신만큼 누군가를 사랑해본일이 없어요. 너무 사랑해서 내가 자격이 없는 것 같아서 그게 불안해서 그랬어요"" 이걸 봐준다고? ㅋㅋㅋㅋㅋㅋㅋㅋㅋㅋㅋㅋㅋㅋㅋㅋㅋㅋㅋㅋㅋㅋㅋ
111. 파코는 우연히 책을 돌려주러 들러서는 화장실 천정이 숨기기 좋은 장소임을 흘림. 그리고 그 곳에는 조의 비밀이 있잖아 ㅋㅋ 바로 전날 지 바람핀거 들키고 조의 역사를 알아놓고 ㅋㅋ 여튼 벡은 조가 훔쳤던 자기 물건들 그리고 캔디스의 물건이 보관된 상자를 발견함. 거기에는 벤지와 피치의 핸드폰이 있고 다 뽑힌 손톱도 있음. 누군가의 생리혈이 묻은 생리대? 휴지? 도 있어 ㄷㄷㄷㄷ 벡은 다 알게됨. 조도 알게됨 ㅋㅋㅋ 감금 시작
112. 아니 애초에 배식구 있는 챔버가 왜 있냐고 ㅋㅋ 책 보관하기 좋다는 건 핑계야 책에 배식해줄거 없잖아 ㅋㅋ조는 최고의 남자친구예요 스토킹, 폰몰래보기,살인을 제외하면사이코가 더 정상같아 보이는 사이코틱한 세상 190201내러티브가 이리저리 꼬일때 발생하는 압도적 쾌감!"
쓸쓸하고 찬란하神: 도깨비,"겨울만 되면 생각나는 이야기. 서브커플에 마음 찢기고 메인커플에 눈물콧물 빼던 그날의 겨울로 돌아가는 OST. 역시 잘되는 드라마는 OST가 좋다.지금도 한번씩 찾아보는 최애 들마중 하나. 우리의 영원한 도깨비2016년 겨울 행복했던 여러분 , 저는 2024년 겨울 행복합니다.하 너무 갓벽한 작품. 판타지 별로 안좋아하는데, 보는 내내 행복하게 만든 작품 OST까지 갓벽👍👍인생드라마. 아직도 종종 보는 드라마. 사랑해요.메인 커플보다 서브 커플이 더 마음에 남은 이야기.기년이 흘러도 언제나 겨울이 되면 첫눈으로 올 드라마.어휴 말해뭐해 주인공 세명 비쥬얼부터가 이미 별 5개임... 결말을 향할수록 시청자 입장에서 아쉬운게 있긴 했지만...아직도 크러쉬의 뷰티풀을 들으면서 설레인다. 공유 김고은 이동욱 유인나 모두 더할나위없이 좋았다판타지, 러브 코미디 그리고 슬픈 비극까지 한국 드라마의 최고치."
언내추럴,
어쩌다 발견한 하루,"김혜윤의 1인극. 멱살 잡고 끌어간다현실불가능 소재라 이런 작품은 결말을 어떻게 할지 너무 궁금한데. 결말도 이정도면 만족. 여주인공이 너무 사랑스럽다 :)너무너무 재밌어요. 김혜윤의 은단오 1인3역 대체불가 배우임. 하루와 백경의 신인시절 모습도 풋풋함. OST도 넘 좋음.극 중 김혜윤 배우의 귀여운 표현을 매우 좋아한다김혜윤이라는 배우가 얼마나 연기를 잘하는지 시청자를 끌고 만화속으로 자연스럽게 이끄는지 보여준 작품이였다. 사각 소리에 장면이 바뀌는 그 찰나에 빠져드는 판타지드라마♡♡유치찬란한 말도 안되는 이야기를 흥미진진하게 끌고나가는 김혜윤의 놀라운 힘. 자신을 잃고싶지 않은 엑스트라들의 노력이 때로 슬프게 느껴진다이재욱님의 발견. 로운님도 잘 어울렸던 것 같고 두 남자 배우의 케미도 좋았던 것 같고. 무엇보다 소재가 만화책 속이라는 게 신선했음.제목에 드라마 남주의 이름이 나오지만 은단오가 그를 찾지 않았다면 그는 드라마의 주인공이 되지 못했을 것이다. 연기적으로는 김혜윤이 이끌고 이재욱을 발견한 드라마남들은 여름 커프라고 하지만 내 여름은 어하루김혜윤 연기 왜이렇게 잘해 ...? 제법 유치하지만 너무 재밌게봤다 !!많은 걸 담고 있지는 않아도 노래랑 분위기가 진짜 다했다 뻔한 클리셰같으면서도 조금 달랐다Love this drama 🫶🏻만화를 빌려 인생의 방향을 말해주는 단오의 하루만화 속이라 그런가 아기자기하고 귀엽고 설레는 드라마김혜윤만이 할 수 있는 은단오~ 하루(로운) 백경(이재욱) 오남주(김영대) 요즘 드라마 대세 남배우 여기 다 있네요~김혜윤 연기 감탄하면서 본 드라마🥰대박~너무너무 재밌어요~ 김혜윤 연기는 진짜 최고~~I love all the cast...very entertaining overall단오와 하루.. 김혜윤 배우의 엄청난 연기 내공과 사랑스러움 귀여움을 볼수있었고 남자 배우들과 캐미가 너무 찰떡입니다. 아직도 안 보신분들이 꼭 !!! 보시기를 추천해요.내가 그녀를 관심가지게된 날지금 보니 김혜윤이 작품 고르는 눈이 꽤 좋음.배우들의 연기, 스토리, 연출 모든 게 완벽했던 드라마.독특한 원작과 김혜윤의 연기를 보는 것만으로 재밌다.재미있게 봤어요김혜윤 배우의 통통 튀는 매력과 연기 스타일이 최고조로 어울리며 뽐내질 수 있었던 작품, 당시에 참신한 소재와 연출에 재밌던 기억이 난다.김혜윤 배우가 매력적인 드라마여주인공의 1인극으로 시작했지만 다른 배우들이 나와 이야기가 이어질때 진전될때 흥미가 이어졌으며 노래가 맛집임어쩌다 OTT에서 발견해 풋풋한 향기로 하루를 함께했다.김혜윤 배우도 연기 잘해서 재밌었고 은단오역이였는데 시한부로 인해 힘들어하고 슬퍼하면서도 겉으론 밝고 착하고 활발한 캐릭터로 나오는데 보면서 안타까웠다. 드라마 자체는 재밌게 봤다"
TV 방자전,
낭만닥터 김사부 시즌 1,
워킹 데드 시즌 1,
시그널,시즌2 기다리고 기다립니다이렇게 맞아들어가는 떡밥에 희열을 느꼈던 적이 있었나무전기로 이어지는 과거와 현재 내인생 최고의 수사물이재한 형사님!! ..!! 과몰입해서 봤던 드라마!최고의 작품! 배우도 스토리도 분위기도 모든 것이 완벽했다.과몰입했던 작품!!TV 속으로만 해결 된게 아쉬운 사건들이 있음 현실도 그랬으면 ㄷㄷ한국 형사추리물의 한 획을 그은 작품. 과거에서 현재로 현재에서 과거로 얽히고 엉킨 사건의 실마리를 풀어가는 형사들의 이야기. 인물 간의 서사가 촘촘해서끝까지 몰입해서 보게됩니다.그 시절도 지금도 변한 건 없다가장 바람직한 한국형 범죄 수사물 드라마. 독창적이고 몰입도 있다.
"괜찮아, 사랑이야",
수수하지만 굉장해! 교열걸 코노 에츠코,"교열에는 사실확인을 철저히 하지만 드라마의 개연성은 얼렁뚱땅 넘어간다. 하지만 그럼에도 나도 코에츠 보는 맛으로 은근슬쩍 넘어간다. 181003일본드라마는 직업 세계를 리얼하게 그리는 건 강점유치할줄알았는데 잼게봄 코노랑 타코 케미도 재밋고 이시하라사토미 거의 랩퍼수준으로 말하는데 연기 진짜 잘하는듯이시하라 사토미에게 빠지게된 작품. 교열걸은 너무나 사랑스럽다!타코(이름 모름)와 사토미 언니의 티키타카가 귀여움 이시하라 사토미의 비주얼 제외 일반적인 직업 일드이시하라 사토미를 매력적으로 그려내는 것 말고는 딱히 대단한 내용이나 메시지를 가지고 있지 않다.보통 책의 서문에서 '이 책이 나오기까지 도움이 된 누구에게 감사합니다'
라고 하면 작가가 그저 인맥관리하는 건 줄 알고 늘 건너뛰었는데
이젠 건너뛰지 말아야.
.
코멘트에 이시하라 사토미 얘기밖에 없어서 아쉽.
교열부라는 소재도 참신했고(약간 체험 삶의 현장 같기도)
꿈과 현실의 괴리 같은 것도 적당히 공감가게 다룬 것 같은데.
다만 소재의 참신함만 강조하다 스토리나 메시지는 적당히 얼렁뚱땅한 회차도 존재...
.
개인적으로 6화에서 '줄곧 쓰고 있어서 다행입니다' 하는 부분이 베스트.
나도 좀 쓰자. 왓챠만 쓰지 말고...
.
스다 마사키 보면서 패션 자극 많이 받음.
보통 다른 드라마에선 여자 캐릭터 옷에만 신경쓰고
남자 옷은 정해진 색깔과 패턴에 적당히 깔끔하게 넘어가는데
의상 코디가 신경 좀 쓴 듯.
목소리도 상당히 매력적이었으나 이건 스다 마사키 원래 목소리는 아니라고 함. 연기할 때 일부러 저음내려 노력했다고.
.
엔딩곡 부른 칸나 치세를 알게 되어 다행.
J-pop 여자 솔로에 희망.
.
이 모든 걸 고려했을 때
이 드라마에 관해서 이시하라 사토미 하나만 얘기하고 끝내는 건 너무한 듯.
진짜 쥐뿔도 없으면서 사토미 빨 받은 드라마는
'5시부터 9시까지 나를 사랑한 스님'이라고 생각.
.
간간이 '악마는 프라다를 입는다'에서 가져온 듯한 장면, 대사, 설정 등은 약간 아쉽.
예전에 김혜수 주연의 '스타일'이라는 드라마도 그랬지만
악프가 이제는 패션 잡지라는 설정의 전형이 된 느낌.
이젠 그런 전형을 깨부수는 작품이 좀 나왔으면.제일 좋아하는 일본 드라마~신선한 소재여서 재밌게 봤다 일단 사토미가 넘 예뻐서 1차 충격 스다가 넘 귀여워서 2차 충격 드라마 내용도 나쁘지 않았다 무난무난~사토미의 스타일링을 보는 재미가 있다나의 꿈을 그리게 만드는 드라마. 설령 꿈과 다른 일을 하더라도 열심히 하고 싶게 만든 에츠코는 사랑스럽고 대단하다.이시하라사토미 한명으로 끝났다생각했는데 나름 캐릭터별 스토리를 잘보면 재밌게 나온거같긴함 뭐 10편안에 끝내려고 푸~~~욱 담궈서만들다보니 모자란맛이 있지만...사토미 패션이랑 얼굴 보는 재미가 있었다. 직장 생활도 귀엽고 재미있었음.엣짱 ٩(๑>∀<๑)۶너무 귀엽다. 에츠코가 웃는 걸 보면 행복해진다. 따뜻한 교열부 사람들종종 꺼내보고 싶은 드라마. 보고싶을 때마다 거기 있어주길 바라.코에츠 존나 이쁘다 스다 개귀엽다... 머리카락이 곧 스다 잡아먹을거같은데 귀여움 스토리 정말 긍정적이고 활동적이고 능동적이고 좋게 풀려서 내 인생이랑 정말 정반대!당연한 사회를 바꾸는 당연하지 않은 '나'(3.5)스다마사키랑 사토미랑 너무 잘 어울림.. 여기서 스다 맹..~ 한게 귀여우이.코노 에츠코라는 캐릭터에 완전히 몰입해 버렸다. 이시하라 사토미의 연기력과 미모에 빠져서 정주행했다. 다만 아쉬운점은 이시하라 사토미 원툴 드라마 느낌이 강하다.주인공 에츠코가 너무 매력적이어서 정주행해버린 드라마... 에츠코 말하는 것도 너무 시원시원하고, 자기 목표가 확실한 게 진짜 멋있었다. 매 화 달라지는 착장도 사랑스러웠다...사토미 언니 얼굴이 좋음 !! 퇴근 후 심심풀이 힐링물로 보기 좋은 드라마종종 내가 이걸 왜 보고 있지 하다가도 주인공이 얼굴이 잡힐 때 '아! 내가 보는 이유가 이 거였지.' 하는 드라마가 있다. 온전히 이시하라 사토미 덕분에 이 드라마를 끝까지 보았다. 물론 교열부는 재미있고, 교열의 위대함. 보이지 않는 직업의 필요함을 알겠지만, 아주 아주 전형적인 일본 드라마스러움이 강하고, 지나칠 정도로 이시하라 사토미의 개인기에 의존하는 느낌이 강하다 보니 좋은 작품이라고 말은 못하겠다. 이시하라 사토미에게만 점수를 준다면 만점을 주고 싶지만.작은 것을, 아니 보통의 사람들이 작다고 생각하는 것을 위해 자신의 생활을 거는 사람들이 있기에 우리는 이렇게 살아갈 수 있다처음 이 드라마를 감상했을 때 코노에츠코의 행동이 살짝 이해가 가지 않았고 드라마에 개연성이 떨어지는게 아닌가 싶기도 했다. 하지만 회차가 거듭할수록 자신의 일에 애정을 가지고 항상 밝고 의욕적인 모습으로 교열작업을 하는 에츠코를 응원하게 되었다. 아마 누구보다 자신의 일을 사랑하고 열정적으로 교열을 하는 에츠코의 모습때문이 아니었을까..이시하라가 너무 귀여운 드라마. 언니 그냥 날 가져요.자신의 일에 긍지를 가지고 주어진 일에 최선을 다하는 멋진 사람들. 사람들이 당연하다고 여기는 일을 당연하게 하고 있는 이들. 누가 알아주지 않아도, 화려하진 않아도, 보이지 않는 곳에서 제자리를 지키며 묵묵히 자신의 일을 해나가는 사람들. 은근하지만 굉장하다.
-
이시하라 사토미 말이 너무 빠른데 발음은 또 정확한 거 같아서 한 번 놀라고 엄청나게 화려한 패션을 아무렇지 않게 소화하는 데 또 한 번 놀라고.
-
코노 에츠코라는 캐릭터가 너무 긍정적이고 에너지 넘쳐서 보고 있으면 나도 모르게 웃게 된다.
-
교열에 대해서 알 수 있어 좋았고 교열에 더 관심이 생겨버렸다."
하우스 오브 카드 시즌 1,"세상 모든 역겨운 것들은 죄다 양복을 빼입고 있다.케빈 스페이시가 극을 이끄는 힘때문인지 뭔가 그와 비밀스러운 걸 공유하고 있다는 느낌.내 인생 드라마.단지 이 작품이 보고 싶어서 넷플릭스를 구독했다.욕망이 만들어낸 악마의 탄생이걸 방구석에서 볼 수 있음에 감사해지는 드라마. 정치는 잔인하지만, 한 개인을 위한 자리도 없는가?만약 영화였다면 더 위대한 작품으로 평가되었을 것이다.ㄹㅇ 죽여버릴 줄 몰랐는데 너무 좋았음 잇힝데이빗 핀처와 케빈 스페이시의 황금비율로 조합된 명품 정치 스릴러 드라마케빈 스페이시랑 눈 마주칠 때마다 심장이 벌렁벌렁"
한니발 시즌 1,
굿 닥터 시즌 1,"미국은 의료 드라마를 참 잘 만든다고 생각했는데 원작이 한국 드라마라 쇼킹했던...한국 드라마 굿닥터 리메이크 작품인데 더 재미있다.재미와 감동을 모두 전해주는 드라마였다. 숀이 병원에 처음 들어가고 동료들과 함께 환자를 치료하면서 모두가 조금씩 성장하는 모습을 통해 드라마의 서사가 더욱 완벽해 졌다.의료 공부에 도움되고 연기력도 좋아요주인공 숀의 인간으로서의 성장과정을 볼 수 있다. 다양한 삶의 이야기를 가진 사람들이 나와 인물들 하나하나가 살아있는 것처럼 느껴진다. 최고의 의학드라마원작이 동명의 우리 작품이라 더 관심이 갖고, 원작의 포인트는 살리되 미드만의 개성 넘치는 연출이 마음에 들었다. 프레디 하이모어 캐스팅 소식을 들었을 때부터 연기 걱정은 접었지~우영우도 굿닥터도 판타지에 가깝지만 굿닥터에는 조금 더 많은 고민과 노력이 들어간듯하다.서번트 증후군 연기의 일인자라고 해도 될 만큼 완벽한 연기가 몰입도를 최고조로 높여준다. 단순 병원에서 벌어지는 일들이 중점이 아닌 사회, 사람이 사는 모습에 초점이 맞춰진 드라마우리나라 원작과 달리 숀에게서 사랑의 사다리를 치워버린 채 성찰하게 만들고, 홀로서기를 훈련시킨다.매화 재밌는 에피소드로 구성되어 재밌다꽤 잘만들었다. 오히려 주인공 연기가 너무 리얼해서 가끔은 그 행동이 지겹고 짜증나기까지 한다."
더 퍼시픽,
스파르타쿠스 1: 피와 모래,미드라는 문화가 한창 국내에 상륙할 때 접한 찐~한 검투사 이야기. 인간의 원초적 본능을 마구 자극시켰기에 한 번 보면 끝까지 달릴 수 밖에 없었다.몰입도 최강!!저런 걸 라이브로 보다니 로마인들은 진짜…; 지금 우리가 영화 보는 건 아무것도 아닐듯선정적이고 폭력적이지만 몰입감 넘치고 재미있다. (1~13화)진짜 잔인하고 야함. '여기서? 이렇게?'의 연속이었음. 1기 마무리 마음에 든다.남주가 너무 아쉽다당시에 보고 미드 클라스?가 이정도구나 하고 감탄하면서 봤지마치 게임같은 연출과 편집.자극에 자극을 더하는 드라마지만 인간의 원초적 본능을 잘 다루는 작품이었고 재미도 있었다
드라마 스페셜 - 굿바이 비원,
슬기로운 감빵생활,"시리즈의 시작으로 잘 짜여진 캐릭터들 간의 시너지가 좋았다. 새로운 배우들을 많이 알게되서 너무 좋았던 작품이 드라마는 꼭 그랬어야만 했을까, 꼭 그렇게 만들었어야만 했을까 하는 부분이 딱 한 부분 있다. 그것 때문에 드라마를 다 보고도 내내 찜찜했던 드라마.보물같은 배우들을 많이 알게 된 극. 다양한 사연을 가지고 모인 이 사람들이 감빵에서 사는 이야기.넷플 25,1,31종료예정이였는데, 다시 계약했는지 그문구가 없더라구요 확인바랍니다.슬기로운 시리즈의 첫 작품 완전 푹 빠져서 봤습니다시청자들이 받아들일 수 있는 수준으로 미화시킨 교도소 생활기.사연 없는 사람 없고, 끝 없는 터널 없다.슬기로운시리즈는 다 재밌어요^^슬기로운 시리즈 중엔 슬빵이 제일 좋다억울하게 수감된 사람들만 슬기로운 감빵생활이 되길진짜 전혀 지루할 틈없이 재밌음! 한명한명의 서사, 인물들의 케미, 결말까지 다 마음이 들었던 드라마였음. 버릴 캐릭터 하나없이 다 매력적이고 무엇보다 개그코드가 너무 잘맞았음.유한양에게 줘다봄늦게봐서 미안하다 인물들이 입체적이라서 좋았던 작품난 슬의생보다 낫던데...꼭 보세요 넘 잼밌듬 ㅠㅜ결국 감빵이라는 곳도 다 사람 사는 곳이라지만 그곳에 들어간 데에는 다 그럴만한 이유가 있음을 이야기하며 결코 이들을 정당화하지 않는 드라마. 깔끔한 유머로 거부감을 없앤다.김제혁의 서사 인성 마인드는 드라마를 떠나 실제로도 존경 할만하다.감옥 동기들 이야기도 너무 재미있고 한 명 한 명 출소할때마다 군대 전역하는 동기를 보는 기분이였다.의외로 재밌었다죄수들이 억울하기도하고 답답하기도하고 짜증나기도하고 ... 화가나기도하고 ... 이런저런 내용으로 잼나게 봄 헤롱이연기 ㅋㅋㅋㅋ정해인 진짜 잘생김 죄수복도 너무 잘어울려ㅎㅎ감옥속 의리,우정,진실에 대한 슬기로운 해석.준내 웃었음.1화에서 준호가 감빵에서 일하는 준호를 걱정하는 어머니에게 이렇게 말한다. ""여기도 다 사람 사는데야."" 준호를 빌어 작가가 하고 싶은 말인 듯 하다개인적으론 슬의생보다도 수작이라고 생각한다. 과도한 범죄자 미화 없이 교도소 안 사람들의 이야기를 잘 그려냈다. 아직 보지 않았다면 꼭 한 번쯤 보시길배우들 연기도 좋았고 개연성이나 속도감도 좋았고 오랜만에 정말 잘 만든 드라마를 봤다.해롱이가 다시 잡혀갈 때의 충격은 잊혀지지가 않는다 ㅜㅜ코미디 , 감동 , 로맨스..... 그냥 다 잡은 드라마. 범죄자 미화라는 비판이 있을 수 있지만 나름 해결했다. 티키타카도 너무 재밌고 마지막 장면은 나도 벅찼다. 완벽한명 한명 내막이 공개되는 미드식 구성도 너무 좋았고 16화까지 정주행 하고 나니 어느새 캐릭터들에게 정이 들어 있었다..ㅠㅠ"
퐁당퐁당 LOVE,"시간때우기 용으로 시작했는데 의외로 설렌다 기억에 남고 끝나고 기분이 좋아진다 근데 장영실은 좀..웃기기도 하고 설레기도 하고...♡ 여러 번 봤습니다~~김슬기의 러블리함이 다함. 윤두준과 김슬기 합도 좋았고 엔딩까지 완벽 💓윤두준과 김슬기의 연기가 다 했음. 내용이 짧아서 아쉬울 뿐.그냥 별 생각없이 접했다가 빠져버린 드라마. 김슬기,윤두준이 이렇게 연기를 잘했나 싶을 정도로 역할에 딱! ost도 좋아서 그 당시에 여러번 돌려봤던 드라마. 강추!존잼이에요꽉 찬 2부작정말 재밌지만 2부작이어서 너무 아쉬운 드라마. 근데 단점이 아닌 장점. 스토리 늘어짐이 없음. 생각날 때마다 유튭에서 찾아보는데 볼 때마다 재밌음.회차도 짧고해서 심심할 때 볼려고 봤는데 생각보다 재밌어서 다 봄 짧아서 좀 아쉽지만 코미디 로맨스 그런 게 다 들어가있어서 개만족삽입곡 다좋고 짧은데도 차원이동물에 있어야할 내용 다있음 역사왜곡도 드라마라고생각했을때 봐줄법하고 웹드치고는 개연성도 나름훌륭한편이지만 -0.5 웹드인데 조연들라인업이 쩔어서 신기"
수상한 파트너,"츤데레 노지욱 정말 사랑을 안할 수가 없네요🥰 로코킹드라마이때 지창욱이 진짜 레전드..이거 진짜 미침 사실 최근에도 정주행 했는데
지창욱 너무 잘생김 진짜 심장 없어지는줄 폭격 존나 당함
진짜 보다가 설레고 보다가 설레고 하루죙일 설레기만한듯
사실 정현수한테도 살짝 설렘 잘생겼음 범죄자 마저 잘생긴 여긴 천국남주가 너무 멋져요 미모도 연기력도 최고입니다반전이 좋았다로맨스에 범죄 끼얹은 드라마 거의 없던 시절에 깜짝 놀랐던. 두 배우 캐릭터도 너무 좋고 케미도 최고.법률, 사건 로맨스 드라마로서 재미있음. 조금 고구마가 있긴 하지만, 괜찮게 봐줄만 함.보고 또 보고 또 보는 드라마 이거 안본 사람 없기를웰컴삼달리 보고 지배우님한테 빠져서 본거고 법에 관련된 드 라마도 좋아하는지라 너무 재밌었습니다 저도 드라마 조금 가려서 보는데 제 계정에 등록해놓은 인생작품 2개보다 재밌었습니다 원래 재밌으면 정주행 한 번 씩 더 하는데 지금 찜해놓은 드라마나 영화가 많아서 그중에서도 볼거 없을때마다 틈틈히 봐야겠습니당 지금까지 본 것중 이 작품이 제일 나았어용❤️❤️지창욱 변호사 해달라고 염불왼 나 소원이룬 작품 요즘 30대 남배우중에 얘만큼 딕션 발성 발음 좋은 배우 없다 진심….지창욱을 위한. 지창욱을 위해. 만든 드라마~~. 안본사람은 있지만. 한번만. 본 사람은 없을듯요 시나리오👍 배우분들도 최고👍로맨스 코미디 범 범죄 다 잡았다 일단 주인공 조합이 지리고 로코요소도 너무 재밌는데 적당한 범죄(?)스토리가 섞여서 아주 처음부터 끝까지 루즈하지 않고 재밌다인물들 서사,코미디 등 놓치지않고 만들어 재미있었지만 24년 기준 극 흐름의 호흡이 길어 늘어진다고 느껴짐. 방영 당시 봤으면 더 재미있었을 듯.예전에 봣던거 재탕 지창욱 존잘 근데 이제보니 남주여주 좀 안어울림 ㅠ지창욱의 비주얼과 수트와 안경이 다 한 드라마. 지창욱은 살면서 다양한 장르 드라마 찍으며 로코 중간 중간 찍어줘라... 세상에 판타지물이 따로 없네.It was good 😊지창욱 키스잘해 ㅋㅋ 눈빛이 멜로지창욱이란 배우의 로맨스 연기가 얼마나 달달한지 느끼게 해주는.노변과 은변의 케미가 귀여웠음. 극중 변호사로서 사건을 해결해나가면서 펼쳐지는 이야기. 특히나 방계장님 보는맛도 쏠쏠.로코를 찾으신디면 추천 드립니다 너무 재밌어요🙏"
보이스,
베터 콜 사울 시즌 1,
오자크 시즌 1,"선한 사마리아인이 커뮤니티를 망치는 이방인이 되는 순간.가족 이야기가 버무려진 범죄 스릴러..브레이킹 배드 수준의 걸작은 아니지만 충분히 볼만함.잘 포장해두었던 욕망의 실체를 집요하게 까발린다. 인물의 등장과 퇴장에 있어서 매우 인상적인 모습을 보이는데 특히 퇴장의 과감함은 이렇게도 쓸 수 있었지! 라는 감탄을 하게 된다. 선명하게 살아있는 캐릭터와 존재감을 드러내는 배우들. 자연스레 다음 시즌을 보게 만든다.뭐 하나 시원하게 해결되는 일 없이 갑갑한 늪에 빠진 듯한 이야기. 가족은 결국 뭉친다는 걸 보여주지만 정작 나아지는 건 하나도 없이 내버려둔다.뭐든 숨기려하는 보통의 범죄극과 좀 다르게 갑자기 한방 훅 치고 들어오는 비밀 드러내기 타이밍이 재미를 준다.몰입도, 연기, 스토리 최고 내가 범죄 스릴러 드라마를보는 이유. 졸잼범죄일지라도 주인공에 몰입됨 가족인지 적인지주인공인 마틴 버드의 입장에서 보면 상당히 몰입감이 있는 스토리 전개 스토리와 촬영 배경이 참 잘 어울림초반은 인생 미드인 브레이킹배드의 재림인줄 알았는데
너무 잡설이 길다.

전개가 느려도 너무 느리고
주인공이 월터 화이트처럼 매력있지도 않음

오자크라는 시골마을에서 벌어지는 일이 아닌
영화 세트장에서 벌어지는 일 같다.

6화에서 하차

24.4.6"
스콜피온 시즌 1,
데스 노트,
피키 블라인더스 시즌 1,
미스터 션샤인,아픈 역사를 되새김질 하며 눈물로 보아야만 했던 그들의 사랑. 작가의 역량이 어디까지 대단해 질 수 있는가를 몸소 보여주는 대작. 본방사수하며 본 나를 칭찬해.인생드라마 중 하나. 유진초이를 부르며 어찌나 울었던지. 우리 애기씨 멋지오이름 없는 독립운동가들과 그들을 도운 분들에게 감사를.난 그이의 몫까지 나아갈거요 뜨겁게 간 어느 누구의 죽음도 헛되지 않게명작..연기와 스토리 모두 좋았다대작 연출에 일가견이 있는 이응복과 필력이 떨어질 기미가 보이지 않는 김은숙이 만났는데 배우들도 하나같이 국가대표급이라면!?이병헌은 진짜 만능 치트키임서브병에 걸려서 동매앓이를 하게 된 드라마.하.. 보고나면 친일파 잔재들 싸그리 죽여버렸어야 하는데 싶은 드라마. 주연배우 둘의 나이차이때문인지 로맨스 부분은 다른 남자배우들과 나올때가 보기 편했음...인생 드라마. . . 배우 감독 작가 완벽했다.
킹덤 시즌 1,
응답하라 1994,
제너레이션 킬,"신랄한 농담 뒤에 남는 씁쓸한 뒷맛개털인 해병대 수색대대와 업적 따내기에 혈안인 대대장 그리고 무능한 장교들.
오직 중위님만 믿고 가는 거야...아주 가까이에서 보는 현대전. Johnny Cash의 The Man Comes Around가 7시간짜리 뮤직 비디오인 것처럼 마지막을 장식한다.그냥 최고 HBO의 역량을 보여주는 또 하나의 전쟁드라마무능한 상관과 형편없는 보급의 콜라보. 군필들의 PTSD.전쟁속에서 어떤 일이 발생하는지 막강한 화력쇼가 아닌 일개 보병의 인간적인 관점에서 볼 수 있었다. 그리고 미친 캡틴 아메리카.."
Z 네이션 시즌 1,
달의 연인: 보보경심 려,"아무생각없이 시작했다가 엉엉 우는 나를 발견. 후유증이 심했던 드라마. 가슴이 아려와 한동안 먹먹했다. 현대판 만들어 주면 안되니,라고 외쳐보지만 캐스팅이 어마무시해서 불가할 듯.백아때문에 끝까지 본!! 남주혁, 아이유의 풋풋한 연기와 남주혁의 상콤사극비쥬얼볼수 있음원작드라마를 봤지만 리메이크한 이 작품도 각색이 훌륭했어요. 배우들 연기도 좋았고요. 다만 삭제된 엔딩을 못봐서 약간 한이 남았을 뿐ㅠㅠ공부하는 입장에서 볼 때 이 리메이크는 꽤나 잘 했다고 생각한다. 특히 왕건의 자녀들은 주요 몇 명을 제외하고 기록이 없다. 그 기록의 공백을 상상력으로 채웠다.피바람 부는 꽃보다 남자.여운이 많이 남는 드라마... 시간이 지나 다시 봐도 전혀 촌스럽지 않고 재밌음내 최애 드라마 중 하나후유증 오짐... ㄹㅇ 시즌2도 만들어줬음 좋았을텐데수야, 그 이름만 들어도 가슴이 아팠습니다ㅠㅠ 스토리도 설정도 조금은 얼렁뚱땅인 듯 (?)하지만 결국 황자들과 수를 사랑하게 되는 드라마입니다. 회귀물은 재밌을 수 밖에요..정말 정말 후유증이 심했던 드라마. 정주행 끝내고 일주일동안 아무 드라마도 못 본... 여운이 엄청 길게 남았었다. 엄청 울고 웃었던 드라마..! 초반에 좀 유치하긴 했지만..."
응답하라 1988,"친구들사이가 너무 부러웠던 요즘시대에는 꿈도 못꿀이야기들이라 더더욱정겹고 더더욱 부러웠다.그 시절의 따뜻함을 느낀 시리즈정말 편안하고 즐겁게 보았던 드라마 우리시대의 그모습 그대로!!그시절의 내가 보여서 더 좋았던 들마 너무 많이 웃고 너무 많이 울었다. 그시절이 그립고 그 청춘이 그립네몇번이고 다시 본 드라마. OST만 들어도 장면이 재생될 정도이다. 살아 본 적 없는 그 시대 그 동네의 정겨움과 말소리가 들리는 듯한 드라마.드라마 안에서 따뜻하고 몽글몽글한 분위기가 계속해서 느껴지는 것 같아요 온 가족이 다 함께 편안하게 보면 좋을 것 같네요내 어린시절이였던것같은 기억조작 드라마 따뜻하고 설레이고 감동도있고그 시절을 살아보진 못했지만. 그 시절이 그립습니다.그냥 인생 드라마. 말이 필요없음. 날이 추워질 쯤 귤 까먹으면서 정주행 각. 사람사는 냄새가 그리우면 찾는다.다시 없을 인생 작보면서 왜 이리 눈물이 나는지... 언제 이렇게 세월이 흘렀나..가족과 친구 , 우정과 사랑 어느 하나 빠짐 없이 좋은 밸런스를 가지고 있는 드라마다시 봐도 재밌다 근데 왜 남편이 택이냐고ㅜㅜ쌍문동 나의 고향이자 지금도 가면 향수가 느껴지는 동네 그동네의 매력과 배우들의 매력을 한껏 끌어올려줬던 드라마우리 동네라서 정겨움이보다 더 유익하고 감동적인 작품이 있을까. 매 편마다 보기 아까울 정도숨 가쁘게 살아가는 순간 속에도 우린 서로 이렇게 아쉬워하는 걸, 아직 내게 남아있는 많은 날들을 그대와 둘이서 나누고 싶어요.마지막 장면이 너무 슬펐던.. 저런 친구들 있었으면 좋겠다는 생각이 들었다나의 일주일을 책임져줘서 고맙다!!! 마음에 있는 건 바로바로 풀어주는 것!하,,,,,,진짜미쳣습니다 진짜 제 1위 드라마 너무너무 뭉클뭉클 장면도 많고 감동적인장면,웃긴장면 이런거 다하나하나 빠짐없이 있어서 한화 볼때 웃고 울고 다합니다진짜개잘만들었음요느껴보지 못한 옛 시대의 추억에 잠기게 하는 마법. 가족에 초점을 맞추니 훨씬 더 좋았다.겪어본 적 없는 시대를 눈앞에 그려주는 작품. 볼 때마다 눈물바다입니다…난 덕선이와 정환이를 원하긴 했지만 재밌었음추억할 시대를 관통해서 일까? 먹먹하고 눈물겹다. 난 같이 놀았던 골목 친구들을 기억하지 못한다. 다시 돌아간다면 친구를 놓치고 싶지 않다. 오래 묵힐수록 좋은 건 술먼이 아니다진짜 그냥 스토리도 너무너무 좋고 코미디 로맨스 다 들어가 있는 드라마임 근데 결말이 좀 아쉬움 초반에는 정환이랑 이어지는 스토리이다가 택이랑 이어짐 그래도 완벽한 인생드라마나는 그 시대를 살지 못했지만 그 시절 정겨움을 느낄수 있는 드라마 모든 연기자들의 캐릭터가 살아있는 느낌감정선이 좀 아쉽그 시절 쌍문동에서 같이 살고 싶다말을 해야 안다 정팔아1보다 나은 2, 2보다 나은 3"
후아유: 학교 2015,
왕좌의 게임 시즌 8,
웨스트월드 시즌 1,
한자와 나오키 시즌 1,"당한만큼 10배로 갚아준다!!!당한만큼 갚아준다! 배로 갚아준다!!!다소 오버스러운 부분도 있지만, 정말 재미있다. 하루만에 다 보게 된다.당한 만큼 갚아준다피 한방울 나오지 않지만, 피가 마를 듯한 통쾌한 복수극.재미는 있는데 너무 답답하다... 시원한 맛이 없다.정신없이 시즌2까지 정주행. 약간 과장된 면은 있지만 정신차리면 다음 편을 보고 있을 정도로 재미있다.은행, 회사 이야기가 어려워서 따라가기 힘들어지면 사카이 마코토가 연기력으로 끌고가준다.발음들 개찰짐 한자와..쿤! 바에가에시다! 도게자시테모라우~ 은행이라는 신선한 소재가 맛을 잘살리지 않았나. 사카이 마사토 작품은 실망한적이 없음오글거리지 않고 재밌어요.은행원인 주인공을 중심으로 온갖 부정과 비리, 파벌과 맞서 싸우며 더 높은 자리를 향해 달려가는 작품. 나오는 모든 배우들의 연기력이 높고 특히 주인공의 연기력이 미쳤다.'은행 조직' 이야기라는 신선함과 약자들이 이루는 통쾌한 복수극의 콜라보.다시 보니 오오와다 상무 제외하고는 다 촌스럽다. 근본없는 얼빡샷과 페이드아웃, 현모양처.
.
카가와 테루유키는 나온 작품들 중에 가장 깔끔하고 정상적인 분장과 착장인 듯. 다른 작품들보다 여기서 유난히 잘생겨보임.
.
노재팬 극혐하는 사람이지만, 아들이 아버지 복수를 하겠다는 권선징악에는 환호하면서 과거 지들 식민지 사람들의 부글부글 분노는 외면하는 건 좀 그렇다. 도저히 쉴드가 안된다.통쾌한 복수극.와신상담, 당하면 배로 갚는다카타르시스! 기분이 좋아진다. 시즌2 언제 나옴?그 남자는 시대의 몰락을 상징하는가복수의 칼날이 아주 깊숙히 뼛속까지 파고든다1980년대 이후 일본에서 최고 시청률을 기록한 전설적인 일드 [한자와 나오키]입니다.
경제소설의 대가 '이케이도 준'의 원작을 바탕으로 한 기업 엔터테인먼트, 비즈니스가 주된 내용입니다.

버블의 마지막 시기에 입사한 도쿄중앙은행의 유능한 은행원 '한자와 나오키'.
악덕 상사들의 비리를 파헤치고 위협에 맞서며 정의를 구현하고, 한자와 자신의 복수를 완성하는 통쾌한 이야기입니다.

은행원이 주인공이고 은행과 기업이 주된 배경... 이것만 봐도 굉장히 어렵고 딱딱해 보입니다.
한자와의 부인으로 '우에토 아야'가 출연하긴 하지만 멜로라인 그런 거 거의 없다고 봐도 무방하고...
더구나 굉장히 보수적인 일본의 문화를 엿볼 수 있기도 합니다.

이런저런 금융 관련 전문용어들이 등장하고, 급박한 상황이 마구 전개되는데 전-혀 어렵지 않습니다.
상황과 갈등에 맞춰졌기 때문에 전문 지식은 필요 없고 적당히 나오는 설명 정도로 충분합니다.
산 넘어 산 파도치듯 덮치는 위기, 그리고 통쾌함이 작렬하는 시원한 해소. 신들린 완급조절이라 할 수 있는 맛깔나는 이야기입니다.

그리고 한자와가 보여주는 '돈보다는 사람'이란 기본 원칙과 여기에서 나오는 정의감이 모든 이들이 공감할 수 있는 그런 이야기라 생각합니다.
그럼에도 장르 때문인지 한참 즐기고 나면 꽤 어른이 된 기분이 듭니다.

일본 드라마 특유의 과장된 표현, 정극 연기가 보기에 따라 좀 거북해 보일 수도 있을 것 같습니다.
하지만 그것이 또 일드의 묘미라면 묘미일 테고요. 여기에 빠져들어 보게 되면 배우들이 펼치는 열연에 그저 감탄뿐입니다.
""당하면 갚아준다. 배로 갚아준다!"" 이것만 보면 이상하지만 드라마를 본다면 참 기억에 남는 명대사지요.

장르 가리지 않고 폭넓은 연기를 보여주는 '사카이 마사토'.
[리갈 하이] 시즌1, 2 사이에 이 드라마를 했다는 것이 참 재미있죠. '코미카도'와 '한자와'의 캐릭터만 봐도 참 대단한 배우임을 직감할 수 있습니다.

다양한 작품에서 만날 수 있는 엘리트 배우 '카가와 테루유키' 역시 빛나는 악역입니다.
최종화의 클라이맥스에서 두 배우의 충돌은 정말 대단한 에너지였습니다.

시즌 1에 해당하는 원작이 <우리들 버블 입행조>, <우리들 꽃의 버블조> 이고, 시즌 2가 <잃어버린 세대의 역습>, <은빛 날개의 이카로스>에 해당한다고 합니다.
원작 기준 시즌 2의 내용이 1보다 재미가 압도적이라고 하니 새로운 시즌이 더욱 기대됩니다.13년도에 봤었고 이번에 한자와 나오키 시즌 2 를 곧 한다기에 다시 한 번 봤습니다. 일본 드라마 특유의 과장된 느낌이 들긴 하지만 은행에 관련된 스토리라서 지루할 것 같다 라는..."
트루 디텍티브 시즌 2,
VIP,
퍼슨 오브 인터레스트 시즌 1,
영 포프,"사람들이 종교를 왜 믿는지 이해가 됨. 그럼에도 그를 막 신성시 하지 않는다는 점과 종교계의 병폐도 생각하게 해서 좋아. 무조건 까는 것도, 감싸는 것도 아니라서.소렌티노의 성화최고에요아주 세련되게 잘 만든 드라마다.
대단한 감명을 주지는 않지만, 즉 엄격한 교리를 들어 가르치려고 들지는 않지만 여러가지 측면에서 생과 사랑, 사람에 대해 생각할 거리를 제공한다.
매번 아름다운 대사가 나와서 감정을 건드리며, 주드 로 등 배우들의 연기가 아주 탁월하다.
바티칸시국의 곳곳 명소들을 볼 수 있는 즐거움은 덤이다."
9-1-1 시즌 3,
씰팀 시즌 1,생각없이 총기 액션 즐기고 싶으시면 고고밀덕 바이블
빌리언스 시즌 3,늘 유지되는 포지셔닝은 없다. 자본이든 관계든.끝으로 가면 꿀잼인데..! 다음 시즌이 엄청 기대된다. 그리고 적절한 시점에 아름다운 결말을 선사해줬으면..
데스노트 NEW GENERATION,
검색어를 입력하세요 WWW,"시작과 끝이 표절이었다니 이런 배신감. 인물 대사 하나하나가 다 표절이 아니어서 다행이라고 해야하나. 그래도 명대사가 쫌쫌따리 나왔으니. 이다희 캐릭터 너무 매력적이라 반했다증말생소한 검색포털 이야기라 흥미롭게 보기 시작했는데 중간중간 로맨스가 몰입을 방해한다. 로맨스를 싫어하지 않는데도 왠지 이 드라마에선 너무 과하지 않았나 싶다. 일과 사랑 두개를 다 담으려다 둘 다 놓친 느낌.
로맨스를 좀 덜어내고 포털 간 경쟁 스토리에 중점을 더 두었다면 개인적으로 더 재밌게 보지 않았을까 생각해 본다임수정 딕션 사랑해 . . 다들 너무 멋지게 극을 끌고가줘서 좋았다 로맨스가 거슬리다고 느껴졌음소재가 신선하고 좋았으나 임수정의 상대역이 미스. 그리고 카메라구도가 몰입 방해함...ㅠ빛 다 희 w w w그 게임ost 만드는 그 .. 그와의 연애과정의 비중이 늘면서 좀 지루해졌는데 전체적으로 너무너무 재밌음. 최근에 또 봤는데 이런 드라마 또 나왔으면 좋겠다.캐릭터들의 서사가 즐겁다(보기전)
줄거리가 묵직하네 ㅋㅋㅋㅋ 판타지래
(본 후)
난 꽤나 좋은 드라마였다고 생각한다.
4.5에서 미스 슬로운을 보고 (표절 문제) 1점 깎았다. 되게 큰 차이다 나한테는. 표절이 이렇게 심각한 문제였음 아예 보기 시작하지도 않았을텐데 이미 봐버렸고 되게 재밌게 봤기 때문에..세상 멋진 여자들의 자존감 지켜내는 힘찬 기 싸움, 애절한 워맨스.유독 오글거리는 포인트가 많다고 느껴졌지만 그게 이 작품의 매력이었던 것 같다... 메인 서브 커플 맛집보고또보고 또 보고 있어요 ㅋㅋㅋㅋㅋ 진짜 최고표절도 정도껏 해야지..세 여자 캐릭터들의 각자의, 서로의 스토리가 인상적인 드라마… 꼭 보세요 그냥 보세요표절 시비논란이 있어 아쉬운 드라마. 표절작이 아니라면 정말 다시 보고 싶은 드라마세련미. 포털에 민낮3커플 다 너무 사랑스럽다이런 작품 더 나왔으면 좋겠다, 배우들 연기와 작품성까지 골고루 갖춘 드라마!포털의 이면을 적나라하게 보여주면서 멋진 여성들의 주체적인 일과 사랑을 잘 다룬 드라마"
청춘시대,
킬링 이브 시즌 1,
의사요한,
장난스런 키스: 러브 인 도쿄 시즌 1,
마더,"친모와 키운 엄마,
키운 엄마의 선택은...
그리고 생각해보면 패러독스로 얽히는...
우리나라 마더를 먼저 보고 봤는데 6화라 그런지 완성도의 아쉬움이 있는 드라마.
아동학대 문제의 심각성을 일깨워 주는 드라마임.매 화 울면서 봄 걍 개레전드 아시다 마나 입안에 넣고 싶음 와랄라랄ㄹ6살한테서 인생이 느껴져스토리텔링보다 직접적인 설명으로 풀어내는 방식 때문에 좀 늘어지는 느낌. 특히 뒤로 갈수록 구구절절.
그래도 이틀간 눈물콧물 쏟으며 끝까지 몰아서 볼 정도로 빠져들어 봤다. 아역 배우가 멱살 잡아 끌고 가는 드라마.진정한 엄마를 보았다.이렇게 만들 수 있으면서 요즘 일드는 왜 이럴까 사카모토 유지 각본에 REMEDIOS 음악, 연출, 배우들 합이 너무 좋다

매화 슬픈 전개의 연출이지만 츠구미라는 캐릭터가 그저 받아들일 수 밖에 없게 만든다모성이라는 단어에 대해서 깊고 다양하게 묻는다. 이 드라마 보면서 정말 펑펑 울었다.소재의 신선함 시선의 따스함아시다 마나의 연기에 감탄할 따름이다.기댈 수 있는 곳이 더 이상 없을 때, 믿음의 씨앗을 심을 수 있는 곳이 전혀 없을 때 모든 걸 제쳐두고 오로지 ‘나’를 믿어 준 사람

울어도괜찮다는 말을 얼마나 듣고 싶었을까, 아프면 힘들면 눈물이 나는 것이 당연한 나이인데 자꾸만 감춰야한다는 건 얼마나 힘들었을까.

그 어떤 드라마보다도 강렬한 1화. 마나의 신들린 연기력.
매 회 놀라운 연기력이었지만 다시 유괴해달라고 전화로 호소하다가 들킬까봐 급하게 화제를 돌리던 그 장면은 인생2회차가 아닐까라는 생각이 절로 나오던 장면."
라스트 쉽 시즌 1,"허술한 구석이 있지만 신박한 소재가 흥미를 끌었다. 전지구적 아포칼립스 때 만약 마지막 배에 치료의 해답이 남아있다면? 월드워z 영화도 조금 생각나고.바이러스에 관한 드라마. 그레이 아나토미의 바람둥이 마크 슬론이 멋진 캡틴으로 나온다.드라마 전체를 관통하는 이야기는 미국 만세이다. 바이러스로 인한 아포칼립스 상태를 배경으로 하는데, 바이러스가 스토리에 편리하게 사용되서 많이 아쉽다.너무 재미나게 그리고 많이 생각하면서 본 시리즈입니다사람들이 sf에서 보고싶은 요소들이 여러가지 들어가 있으면서 lte급 전개에 볼거리도 다양함 단점은 적들이 생각보다 허접하다는 점 정도바이러스 관련 드라마 입니다. 해군이 백신 바이러스를 구하기 위해서 필사적으로 해결을 합니다."
씨: 어둠의 나날 시즌 1,
사이코메트리 그녀석,
원헌드레드 시즌 2,
원헌드레드 시즌 6,
헝 시즌 3,
드래곤 레이스,
사랑의 불시착,
너의 목소리가 들려,
THE K2,
석세션 시즌 1,
파고 시즌 1,
홈랜드 시즌 1,
미스터 기간제,
밴쉬 시즌 1,
카케구루이 시즌 2,
원스 어폰 어 타임 시즌 7,
경세요안,
막돼먹은 영애씨 시즌 11,
스파르타,
빌어먹을 세상 따위 시즌 1,
진정령,
라이브,
구르미 그린 달빛,
지정 생존자 시즌 1,
랑야방: 권력의 기록 시즌 1,
왔다! 장보리,
핸드메이즈 테일 시즌 2,
